user_id,unknowns,actions,adventures,animations,childrens,comedys,crimes,documentarys,dramas,fantasys,film_noirs,horrors,musicals,mysterys,romances,sci_fis,thrillers,wars,westerns,ans1,ans2,ans3
1,4,250,123,40,55,316,86,24,420,7,5,45,38,18,173,172,188,92,22,8,5,1
2,0,38,13,4,12,61,34,0,134,3,9,6,3,14,66,15,43,11,0,8,14,5
3,0,39,14,0,0,31,30,5,64,0,5,12,4,35,17,22,53,14,0,8,16,1
4,0,31,14,0,0,20,19,5,27,0,0,4,5,20,13,23,43,9,0,16,1,8
5,4,176,107,53,71,246,35,0,72,5,5,71,40,9,44,116,56,45,5,5,1,15
6,0,84,76,34,61,231,52,4,388,7,28,16,46,51,155,45,95,80,18,8,5,14
7,0,369,232,58,146,337,128,21,615,29,42,167,108,82,216,191,302,184,71,8,1,5
8,0,159,65,0,4,24,37,0,72,0,4,5,0,3,28,73,68,48,13,1,15,8
9,0,20,15,0,0,27,0,0,44,0,5,5,0,4,38,19,22,20,0,8,14,5
10,0,107,61,29,34,185,72,12,346,4,42,27,58,69,150,51,147,88,23,8,5,14
11,0,101,50,0,20,253,47,0,308,8,3,16,2,41,147,78,105,62,19,8,5,14
12,0,61,31,4,12,60,8,0,109,0,0,1,14,13,57,29,53,32,8,8,1,5
13,0,476,226,59,151,571,141,45,771,39,60,128,96,102,354,209,351,145,52,8,5,1
14,0,69,65,25,24,141,27,7,159,3,14,4,17,27,82,55,53,40,4,8,5,14
15,0,59,36,2,13,75,15,0,153,10,6,2,4,17,86,32,59,34,0,8,14,5
16,0,138,56,39,52,156,90,0,245,5,25,39,47,36,112,74,151,54,12,8,5,16
17,0,9,14,4,9,28,5,0,51,0,0,0,0,0,13,11,10,10,0,8,5,2
18,0,95,68,51,75,378,51,12,576,14,14,16,90,35,253,51,89,108,15,8,5,14
19,0,17,9,0,5,45,0,0,38,0,0,6,4,0,15,4,7,4,5,5,8,1
20,0,67,46,12,23,35,5,0,47,4,0,3,13,3,23,29,38,24,0,1,8,2
21,0,100,38,31,30,94,51,3,139,8,6,167,19,22,38,58,172,15,0,16,11,8
22,0,249,121,0,10,215,32,0,71,1,5,19,17,3,69,97,87,55,17,1,5,2
23,0,129,103,45,56,182,27,3,206,5,8,12,58,21,121,109,75,46,14,8,5,1
24,0,35,32,5,23,85,37,0,163,0,0,8,11,10,70,22,64,25,4,8,5,14
25,0,81,62,36,40,111,7,0,99,4,4,8,20,8,50,71,63,36,3,5,8,1
26,0,98,49,6,13,90,34,0,135,0,5,9,0,18,66,46,83,25,2,8,1,5
27,0,32,11,2,2,5,5,0,41,0,0,8,2,2,10,14,40,14,0,8,16,1
28,0,97,58,6,8,38,23,0,71,2,4,81,14,9,26,102,120,20,4,16,15,1
29,0,28,2,4,6,26,21,0,58,0,8,3,0,8,16,12,58,17,5,8,16,1
30,0,65,48,4,19,71,7,0,47,4,0,0,10,5,47,40,31,21,5,5,1,2
31,0,17,12,0,0,21,17,14,50,0,17,2,9,33,36,13,28,8,0,8,14,13
32,0,49,32,5,5,46,13,0,52,0,0,6,0,6,31,34,32,16,0,8,1,5
33,0,42,4,0,0,3,11,0,34,0,0,18,0,19,16,16,56,10,0,16,1,8
34,0,4,0,0,2,12,23,0,57,0,5,2,1,9,15,0,16,13,0,8,6,16
35,0,34,10,0,9,18,7,0,22,0,0,0,0,13,9,5,36,7,0,16,1,8
36,0,14,5,0,10,23,4,0,31,0,0,14,4,14,14,5,22,0,0,8,5,16
37,0,180,70,0,0,10,34,0,30,2,4,11,0,4,37,59,96,20,0,1,16,2
38,0,108,95,46,131,160,3,0,90,12,5,56,55,11,77,39,78,23,5,5,4,1
39,0,15,0,0,0,27,7,0,39,0,5,7,9,11,16,8,32,0,0,8,16,5
40,0,20,5,0,4,33,9,0,55,0,3,1,0,10,9,12,33,9,0,8,5,16
41,0,46,20,8,10,74,15,0,84,2,0,0,6,8,47,37,38,47,6,8,5,14
42,0,174,126,58,92,221,23,5,241,19,0,20,55,19,162,104,135,41,11,8,5,1
43,0,191,109,79,95,326,68,5,300,18,4,16,57,32,229,70,149,64,14,5,8,14
44,0,158,122,39,56,150,36,3,190,7,5,38,52,31,86,143,120,75,5,8,1,5
45,0,39,43,19,28,85,17,0,45,10,4,3,13,0,36,29,26,13,0,5,8,2
46,0,33,12,3,7,10,20,0,67,0,0,5,3,16,36,12,33,21,0,8,14,1
47,0,2,3,0,3,18,13,3,49,0,5,6,4,18,11,4,15,3,0,8,5,13
48,0,51,44,3,27,58,27,2,119,9,17,9,14,22,40,31,49,42,5,8,5,1
49,0,62,40,57,81,234,81,8,209,9,11,43,58,23,82,57,101,10,0,5,8,16
50,0,0,0,0,0,9,16,5,55,0,3,8,5,9,27,0,10,2,0,8,14,6
51,0,38,40,0,4,19,3,0,32,0,0,3,6,6,30,18,11,15,4,2,1,8
52,0,34,31,12,17,48,12,0,133,0,9,3,12,17,37,31,36,25,0,8,5,14
53,0,55,34,0,4,17,17,0,35,0,0,0,0,0,16,32,31,17,0,1,8,2
54,0,104,49,11,9,39,33,1,89,8,6,10,0,31,45,46,107,22,0,16,1,8
55,0,54,27,0,0,3,11,0,15,0,5,0,0,1,9,22,31,16,0,1,16,2
56,0,268,158,65,85,272,28,0,152,13,4,42,44,12,132,150,148,50,20,5,1,2
57,0,109,62,17,43,160,28,0,89,8,0,7,10,7,50,65,89,40,0,5,1,8
58,0,93,63,23,20,224,51,24,262,5,9,9,9,31,130,72,111,46,5,8,5,14
59,0,301,175,46,88,390,102,18,684,19,49,110,65,64,291,161,296,141,45,8,5,1
60,0,168,113,20,67,198,32,0,357,18,32,50,64,68,145,125,158,106,20,8,5,1
61,0,19,7,0,6,15,2,0,24,0,0,0,0,12,10,5,26,3,0,16,8,1
62,0,206,136,17,46,195,52,6,382,12,10,23,36,26,179,127,146,99,5,8,1,5
63,0,42,23,13,18,101,11,5,136,0,3,3,8,15,65,26,58,16,0,8,5,14
64,0,213,136,27,63,197,61,15,289,16,3,43,47,20,130,125,131,98,13,8,1,5
65,0,44,29,3,10,99,19,9,191,5,0,4,0,21,85,34,37,33,17,8,5,14
66,0,55,27,3,3,30,11,0,50,0,0,4,1,3,27,30,42,19,0,1,8,16
67,0,46,25,8,7,52,8,0,18,4,0,7,0,5,8,12,22,7,0,5,1,2
68,0,28,19,2,2,18,4,0,61,1,0,4,2,3,40,20,15,22,0,8,14,1
69,0,69,35,3,5,46,42,9,113,0,4,16,4,16,47,40,82,20,0,8,16,1
70,0,168,125,72,109,143,17,8,102,18,4,26,73,12,75,119,76,44,0,1,5,2
71,0,18,17,0,1,30,19,0,94,0,8,0,2,7,33,31,15,14,2,8,14,15
72,0,152,66,4,9,80,68,8,272,5,23,7,3,49,70,51,162,57,20,8,16,1
73,0,35,12,7,6,56,31,6,125,0,10,7,4,10,43,50,57,24,0,8,16,5
74,0,25,6,0,3,20,15,3,84,0,4,10,0,22,26,14,43,15,0,8,16,14
75,0,64,38,19,23,111,20,0,75,12,0,5,4,6,33,27,58,19,0,5,8,1
76,0,33,15,0,0,42,47,4,176,0,4,11,2,32,69,63,64,22,4,8,14,16
77,0,92,62,5,11,61,13,0,108,0,10,9,10,11,47,61,49,50,2,8,1,2
78,0,8,4,0,0,41,1,2,24,4,0,4,4,1,18,11,8,0,0,5,8,14
79,0,20,11,4,4,53,8,10,154,0,0,3,4,10,59,21,24,23,0,8,14,5
80,0,11,3,0,3,21,8,0,72,3,0,8,0,1,29,7,19,15,0,8,14,5
81,0,34,13,13,15,69,9,0,84,2,0,7,13,6,34,12,46,12,0,8,5,16
82,0,89,74,45,68,161,32,1,190,9,12,18,33,35,111,46,81,65,17,8,5,14
83,0,171,106,16,92,236,14,0,143,18,0,10,16,23,120,50,123,40,8,5,1,8
84,0,64,27,11,22,83,24,0,108,2,3,0,14,9,58,18,84,35,3,8,16,5
85,0,157,104,36,81,308,42,7,540,7,20,16,91,49,196,95,96,124,27,8,5,14
86,0,12,3,0,7,23,4,0,32,0,0,3,6,6,21,10,15,13,0,8,5,14
87,0,295,137,0,29,407,65,7,202,14,8,12,32,9,165,127,120,81,37,5,1,8
88,0,16,0,0,9,28,8,0,49,4,3,0,3,3,26,0,20,14,0,8,5,14
89,0,52,37,9,10,144,15,5,157,0,0,0,3,3,147,34,14,19,0,8,14,5
90,0,126,62,5,37,326,87,27,718,10,40,35,61,88,295,46,213,127,25,8,5,14
91,0,139,73,6,16,38,25,0,182,5,8,24,17,36,52,70,99,82,12,8,1,16
92,0,315,168,46,70,402,116,14,491,17,16,80,57,50,233,179,321,103,14,8,5,16
93,0,14,11,8,14,30,0,0,27,3,0,0,0,0,21,11,3,7,0,5,8,14
94,0,334,168,68,126,438,126,19,623,17,37,101,90,59,239,161,252,138,55,8,5,1
95,0,261,178,58,155,278,24,5,344,23,8,48,82,29,204,117,144,111,31,8,5,1
96,0,65,22,5,20,53,30,10,81,5,16,22,5,11,44,51,67,32,3,8,16,1
97,0,68,59,22,18,85,10,10,83,5,8,15,12,17,27,86,58,22,14,15,5,8
98,0,10,8,0,0,90,5,0,19,0,0,0,7,8,21,3,8,6,5,5,14,8
99,0,155,67,12,8,146,64,0,195,3,0,22,7,21,99,35,160,42,8,8,16,1
100,0,43,9,0,2,31,14,0,100,2,8,6,3,14,30,18,65,17,0,8,16,1
101,0,66,60,9,18,64,4,0,54,8,0,8,3,4,50,32,47,15,3,1,5,2
102,0,259,126,39,44,181,62,0,107,11,10,72,36,26,87,122,150,47,12,1,5,16
103,0,57,31,0,0,29,13,0,26,0,0,3,0,3,22,31,24,22,0,1,2,15
104,0,66,29,0,0,88,50,2,162,1,9,6,4,26,57,37,66,24,1,8,5,1
105,0,16,2,0,0,7,11,0,43,0,5,8,0,18,17,16,28,9,0,8,16,13
106,0,44,29,4,14,73,15,3,156,0,0,0,0,5,64,3,34,24,8,8,5,14
107,0,6,2,0,2,18,16,0,31,0,4,6,0,20,8,9,24,4,0,8,16,13
108,0,37,21,4,7,32,8,0,56,0,0,0,8,7,39,22,19,22,0,8,14,1
109,0,331,190,23,56,231,73,0,236,23,7,51,33,26,130,168,236,68,7,1,8,16
110,0,156,34,0,13,133,39,0,139,4,2,19,4,15,85,34,133,29,12,1,8,5
111,0,11,4,0,4,20,7,0,43,0,5,2,0,15,23,4,24,7,0,8,16,14
112,0,39,4,0,0,26,31,0,102,0,4,4,5,26,29,3,70,19,0,8,16,1
113,0,46,13,0,0,32,25,0,106,0,5,4,4,22,36,26,65,17,0,8,16,1
114,0,33,16,0,0,41,24,0,78,0,8,8,6,20,19,53,49,30,4,8,15,16
115,0,101,47,7,7,42,51,17,166,5,25,19,3,19,41,50,108,32,10,8,16,1
116,0,96,45,7,15,54,49,4,228,0,10,13,11,45,83,55,116,38,10,8,16,1
117,0,135,83,13,22,88,29,0,103,7,0,19,16,10,59,96,119,33,0,1,16,8
118,0,63,49,0,4,43,40,10,132,5,5,86,8,23,22,60,98,44,0,8,16,11
119,0,228,124,3,13,168,55,4,347,5,11,10,22,21,130,86,188,67,4,8,1,16
120,0,41,27,4,4,11,4,0,55,0,0,0,0,4,16,18,19,25,0,8,1,2
121,0,60,31,4,4,41,27,4,173,4,0,0,0,20,65,33,58,37,0,8,14,1
122,0,21,13,0,4,41,18,0,191,4,3,0,2,13,40,20,16,18,14,8,5,14
123,0,21,11,5,8,43,26,4,130,0,4,7,23,9,64,8,35,21,5,8,14,5
124,0,40,14,3,3,18,5,0,25,0,0,4,3,0,8,25,38,11,0,1,16,8
125,0,137,74,9,32,366,19,1,141,9,3,8,41,27,149,77,95,88,15,5,14,8
126,0,47,5,0,10,29,12,5,78,0,4,15,5,26,34,10,57,11,0,8,16,1
127,0,67,52,0,5,14,0,0,9,0,0,10,0,0,11,62,15,11,0,1,15,2
128,0,123,83,33,67,208,14,8,311,4,3,0,67,28,214,47,92,52,6,8,14,5
129,0,13,5,0,3,11,9,0,49,0,4,3,0,9,24,5,24,11,0,8,14,16
130,5,466,224,86,149,357,117,4,429,22,11,137,79,47,202,216,404,73,10,1,8,16
131,0,9,0,4,4,29,20,3,87,0,5,0,0,10,25,0,10,9,0,8,5,14
132,0,13,6,0,3,15,20,0,47,0,4,0,0,8,9,9,11,10,5,8,6,5
133,0,23,10,0,11,22,6,0,41,4,0,2,0,9,19,15,24,10,0,8,16,1
134,0,37,0,5,13,30,2,0,38,2,2,0,0,6,22,4,34,12,0,8,1,16
135,0,67,29,0,0,13,39,0,66,0,8,24,0,14,15,36,96,8,8,16,1,8
136,0,23,7,0,0,24,14,8,107,0,9,0,0,10,33,20,17,25,0,8,14,17
137,0,136,69,3,15,52,9,0,30,12,5,5,3,12,47,68,67,32,1,1,2,15
138,0,26,17,4,8,76,29,0,107,0,4,4,8,17,40,13,40,27,5,8,5,14
139,0,8,3,0,0,7,17,0,79,0,3,8,0,7,17,3,16,13,0,8,6,14
140,0,5,4,0,4,19,9,0,34,0,4,3,8,9,21,3,19,8,0,8,14,5
141,0,116,47,3,13,117,20,1,129,5,3,3,0,21,77,49,135,29,0,16,8,5
142,0,32,14,13,9,47,7,0,32,0,3,7,12,15,17,23,39,10,0,5,16,1
143,0,21,9,0,0,8,4,0,35,0,0,12,0,20,11,7,45,13,0,16,8,1
144,0,172,66,8,27,194,78,22,437,13,13,13,15,49,157,79,152,86,9,8,5,1
145,0,301,146,13,25,291,113,0,350,14,23,118,13,62,193,179,353,80,22,16,8,1
146,0,18,13,0,5,20,19,9,52,5,4,3,4,14,18,12,37,11,0,8,16,5
147,0,11,5,0,5,22,4,0,60,0,4,0,4,4,15,7,9,9,0,8,5,14
148,0,47,59,62,57,89,11,0,92,0,5,4,49,6,39,58,18,41,2,8,5,3
149,0,20,0,0,2,27,11,0,76,2,4,0,2,10,21,3,26,11,0,8,5,16
150,0,29,14,4,8,35,23,0,63,0,0,8,4,10,39,16,23,16,0,8,14,5
151,0,166,115,47,58,443,44,12,549,11,45,35,96,75,318,123,172,107,31,8,5,14
152,0,67,31,7,26,225,6,0,192,9,0,5,32,5,235,18,32,56,9,14,5,8
153,0,29,4,0,0,7,15,0,40,0,0,0,0,3,9,8,22,5,3,8,1,16
154,0,33,20,0,0,40,25,0,99,0,20,13,5,29,32,42,32,35,0,8,15,5
155,0,12,3,0,0,12,4,0,25,0,0,3,3,8,24,0,22,8,0,8,14,16
156,0,22,3,0,0,15,20,4,109,0,0,0,0,3,11,0,16,39,12,8,17,1
157,0,70,19,5,5,65,21,0,88,0,0,0,4,3,49,17,47,19,0,8,1,5
158,0,288,133,9,9,210,103,0,196,6,21,21,8,29,130,124,140,89,22,1,5,8
159,0,106,40,3,21,136,32,0,113,9,3,3,16,24,92,35,102,20,0,5,8,1
160,0,91,46,20,13,123,76,10,208,1,19,36,8,32,65,35,102,30,8,8,5,16
161,0,31,14,1,4,47,16,1,88,0,3,0,6,7,47,11,22,20,4,8,5,14
162,0,66,38,4,7,37,25,0,38,0,0,3,0,0,20,35,52,16,0,1,16,2
163,0,14,4,0,0,22,4,0,52,0,0,6,0,0,9,4,15,12,4,8,5,16
164,0,119,54,0,0,20,30,0,104,7,8,7,0,31,41,32,142,31,0,16,1,8
165,0,41,20,10,19,29,14,0,51,0,0,2,13,6,22,26,31,27,0,8,1,16
166,0,30,0,0,7,19,1,0,19,0,0,7,0,10,17,8,37,2,0,16,1,5
167,0,37,28,9,25,78,4,3,93,0,4,7,4,16,53,20,40,28,8,8,5,14
168,0,79,46,11,23,86,8,0,77,4,0,4,9,8,40,30,69,15,0,5,1,8
169,0,46,30,4,10,35,7,0,49,3,3,8,9,9,35,27,30,39,0,8,1,17
170,0,27,4,0,7,23,6,0,28,0,3,3,0,12,11,3,40,13,0,16,8,1
171,0,9,3,0,3,7,12,3,78,0,4,2,0,8,20,8,17,11,0,8,14,16
172,0,9,4,0,0,25,4,0,36,0,10,5,3,7,27,5,14,6,4,8,14,5
173,0,39,4,0,3,42,26,0,90,0,9,0,8,32,26,8,55,25,0,8,16,5
174,0,44,40,10,50,267,56,0,329,3,8,4,23,21,204,16,96,24,4,8,5,14
175,0,49,16,4,12,23,24,0,70,0,0,10,19,0,30,23,41,26,4,8,1,16
176,0,45,26,4,4,67,20,0,144,0,0,5,6,14,46,39,38,10,0,8,5,14
177,0,117,39,3,5,77,83,0,195,0,21,23,13,39,62,78,123,37,9,8,16,1
178,0,331,176,32,54,285,75,0,374,8,17,38,39,47,258,120,237,112,35,8,1,5
179,0,21,3,4,4,26,16,0,63,0,7,19,5,23,13,15,56,2,0,8,16,5
180,0,65,31,0,4,82,15,0,118,4,0,2,4,7,84,33,47,25,0,8,14,5
181,1,85,46,16,38,185,41,15,290,8,5,28,17,32,105,40,138,25,2,8,5,16
182,0,24,21,9,14,33,6,3,46,5,0,4,5,9,29,29,8,27,3,8,5,14
183,0,88,56,0,4,29,12,0,37,0,0,0,5,14,46,58,49,19,11,1,15,2
184,0,119,66,25,43,260,52,17,547,10,21,29,54,34,254,61,87,82,9,8,5,14
185,0,22,8,4,5,43,12,3,128,5,4,4,0,8,46,20,28,35,0,8,14,5
186,0,107,45,18,34,39,37,0,89,5,8,2,16,38,24,21,183,6,14,16,1,8
187,0,33,12,0,9,95,0,4,126,4,0,0,12,14,64,17,21,20,7,8,5,14
188,0,143,66,1,11,82,41,0,174,0,9,21,19,17,82,45,133,71,17,8,1,16
189,0,107,75,30,67,179,36,12,383,6,32,13,55,61,205,64,117,88,16,8,14,5
190,0,77,27,3,5,13,28,0,89,0,9,8,3,23,35,14,89,16,0,8,16,1
191,0,24,4,0,0,16,12,0,58,0,4,9,0,10,15,6,40,7,0,8,16,1
192,0,24,11,0,0,40,14,4,69,0,5,0,4,5,29,23,13,13,0,8,5,14
193,0,109,46,8,20,131,41,0,139,6,4,17,13,18,102,19,81,24,14,8,5,1
194,0,186,119,50,83,285,63,0,403,10,18,25,62,31,154,70,131,117,40,8,5,1
195,0,109,45,3,19,52,22,4,150,3,4,9,21,12,66,53,84,20,0,8,1,16
196,0,5,10,0,8,114,0,4,45,4,0,0,0,0,39,6,0,6,0,5,8,14
197,0,274,108,3,4,47,52,0,127,0,11,19,11,18,66,88,124,66,23,1,8,16
198,0,180,105,20,26,145,44,5,253,5,15,46,30,24,108,109,123,74,15,8,1,5
199,0,15,5,11,10,36,3,3,64,1,0,0,5,5,30,8,20,6,0,8,5,14
200,0,332,235,66,166,193,37,2,251,41,10,44,72,15,148,188,201,73,16,1,8,2
201,0,248,105,35,38,215,133,18,612,6,29,112,43,61,175,112,279,92,22,8,16,1
202,0,14,5,3,6,25,0,0,19,3,4,0,0,6,9,22,8,6,0,5,15,8
203,0,50,43,6,17,38,22,0,64,0,0,5,3,0,28,30,33,27,0,8,1,2
204,0,10,6,2,7,45,18,5,90,0,5,3,0,13,19,5,28,14,0,8,5,16
205,0,18,3,0,5,16,0,0,30,0,0,0,4,10,16,3,24,6,0,8,16,1
206,0,20,0,0,3,19,17,2,74,2,7,14,1,16,24,9,49,7,0,8,16,14
207,0,177,56,5,15,273,73,9,341,10,7,10,16,24,160,50,154,68,18,8,5,1
208,0,9,4,0,3,98,8,0,33,0,1,4,4,1,56,3,5,9,9,5,14,8
209,0,20,15,9,7,34,11,9,41,0,0,2,0,2,28,13,12,13,0,8,5,14
210,0,145,73,30,55,228,41,0,188,17,18,30,30,23,129,79,81,63,14,5,8,1
211,0,42,33,3,12,12,4,0,70,5,0,1,7,0,18,17,12,28,0,8,1,2
212,0,11,4,0,4,8,2,3,87,4,0,0,0,3,24,5,0,33,0,8,17,14
213,0,148,99,6,19,121,67,5,244,0,0,26,19,17,103,77,148,91,5,8,1,16
214,0,81,37,12,14,127,77,9,275,0,8,16,17,43,107,55,98,41,0,8,5,14
215,0,116,72,9,31,74,21,0,153,5,4,23,21,7,67,106,72,47,3,8,1,15
216,0,112,60,16,21,185,57,0,241,6,9,25,9,15,82,44,99,43,4,8,5,1
217,0,203,85,0,1,16,27,0,29,3,0,13,0,3,22,61,107,13,4,1,16,2
218,0,38,9,0,3,90,34,0,63,0,12,10,8,12,22,21,80,8,4,5,16,8
219,0,24,6,6,6,28,0,0,63,0,0,5,6,5,19,17,20,12,0,8,5,1
220,0,12,0,0,0,20,3,0,36,0,0,12,8,7,17,13,28,5,0,8,16,5
221,0,196,90,7,16,162,89,13,183,2,0,13,9,10,82,78,145,35,3,1,8,5
222,0,376,191,48,91,358,103,5,433,19,17,69,57,46,204,175,272,95,27,8,1,5
223,0,77,35,30,50,138,16,0,83,8,0,10,27,17,79,18,85,18,4,5,16,8
224,0,87,41,0,6,53,25,0,315,4,0,3,0,20,111,23,87,47,18,8,14,1
225,0,21,9,5,5,30,10,0,67,0,0,0,17,9,29,5,25,16,5,8,5,14
226,0,29,15,13,3,44,16,4,102,0,5,0,6,11,20,37,43,19,8,8,5,16
227,0,28,8,1,0,57,32,0,111,4,2,2,4,13,35,17,41,9,0,8,5,16
228,0,9,9,0,5,8,3,0,52,0,0,4,0,1,15,3,8,14,0,8,14,17
229,0,20,1,0,0,9,8,0,53,0,5,4,0,10,20,4,34,7,0,8,16,1
230,0,127,98,48,98,112,23,0,204,14,8,16,74,17,109,58,87,69,21,8,1,5
231,0,37,22,3,4,13,3,0,33,0,0,0,4,4,25,16,15,17,0,1,8,14
232,0,61,35,4,24,89,25,11,227,4,5,3,33,17,104,45,38,59,7,8,14,5
233,0,72,47,28,59,109,49,10,280,4,7,8,35,16,92,31,46,72,17,8,5,14
234,0,187,149,52,140,440,96,20,688,22,58,54,123,92,292,91,239,133,32,8,5,14
235,0,59,39,4,9,124,16,4,195,0,0,4,14,14,88,48,44,70,5,8,5,14
236,0,88,53,16,39,83,27,0,238,6,4,18,37,24,110,37,89,60,24,8,14,16
237,0,28,8,10,4,41,17,0,95,4,12,9,7,27,39,21,61,45,0,8,16,17
238,0,33,19,4,6,38,0,0,24,0,0,0,4,4,30,22,18,16,0,5,1,14
239,0,74,52,8,23,172,41,19,324,5,24,37,36,58,112,74,94,74,4,8,5,14
240,0,28,2,0,0,17,12,0,32,0,5,18,4,9,18,6,41,12,0,16,8,1
241,0,15,0,0,0,6,13,0,46,0,3,15,0,11,13,5,31,7,0,8,16,1
242,0,0,5,4,4,12,8,0,51,0,0,0,0,3,47,0,13,10,0,8,14,16
243,0,22,15,4,22,96,10,4,214,3,0,4,0,5,89,6,13,32,4,8,5,14
244,0,147,68,37,33,362,31,2,389,8,8,33,37,15,197,81,102,77,12,8,5,14
245,0,26,30,7,21,24,0,0,10,3,0,0,9,0,18,19,15,10,0,2,1,5
246,0,184,109,40,61,195,44,1,135,6,0,90,35,17,95,118,139,49,18,5,1,16
247,0,32,22,4,11,33,3,4,42,0,0,0,0,0,27,31,13,15,0,8,5,1
248,0,88,31,8,3,41,33,0,61,0,7,24,5,10,22,54,57,36,4,1,8,16
249,0,208,82,29,14,176,107,5,266,10,9,11,15,39,114,106,200,64,5,8,1,16
250,0,84,43,52,64,117,52,5,171,4,4,23,48,30,78,72,140,26,0,8,16,5
251,0,116,64,11,21,75,18,3,95,3,0,14,12,5,60,55,98,31,0,1,16,8
252,0,4,0,5,5,13,9,4,76,0,0,0,0,5,31,4,17,5,0,8,14,16
253,0,121,56,14,32,105,35,0,148,0,4,23,24,11,89,39,106,36,13,8,1,16
254,0,158,173,43,153,110,12,1,163,26,0,34,59,11,60,104,46,55,17,2,8,1
255,0,84,27,0,3,23,14,0,33,1,0,76,0,18,13,32,97,10,1,16,1,11
256,0,287,141,20,40,223,66,0,277,4,14,38,25,26,222,100,294,47,15,16,1,8
257,0,25,17,0,4,32,20,2,171,0,0,7,4,17,94,18,23,22,0,8,14,5
258,0,32,3,0,3,13,5,0,45,0,0,1,2,5,35,2,37,14,0,8,16,14
259,0,59,30,0,0,43,13,0,73,0,4,15,5,7,36,32,39,29,4,8,1,5
260,0,45,5,1,1,11,8,0,41,0,0,15,8,24,16,8,44,10,0,1,16,8
261,0,34,7,2,19,44,0,0,36,5,0,4,2,7,16,0,38,13,0,5,16,8
262,0,73,43,38,58,169,33,0,217,12,0,31,56,6,148,57,86,29,0,8,5,14
263,0,133,79,18,62,105,18,0,238,13,4,13,41,26,85,66,100,99,26,8,1,5
264,0,55,33,4,0,270,42,12,163,5,14,88,18,20,90,44,71,17,2,5,8,14
265,0,54,25,8,10,42,21,0,73,3,0,4,0,7,31,19,66,12,0,8,16,1
266,0,5,2,0,0,8,5,0,67,0,0,0,5,4,32,0,7,5,0,8,14,5
267,0,285,130,33,14,209,85,0,214,11,19,22,24,34,104,154,199,91,21,1,8,5
268,3,324,164,54,58,333,91,4,250,12,26,67,45,54,134,158,252,77,34,5,1,16
269,0,98,58,6,33,297,94,19,506,8,34,46,37,66,163,95,151,84,21,8,5,14
270,0,119,48,5,10,124,27,0,243,5,0,106,15,22,190,60,191,32,4,8,16,14
271,0,160,109,21,45,293,75,11,509,16,25,23,49,56,215,70,169,136,36,8,5,14
272,0,64,25,0,8,50,29,8,96,4,5,24,0,10,27,35,43,51,0,8,1,17
273,0,6,3,0,3,27,7,0,56,0,0,2,4,10,22,0,18,7,0,8,5,14
274,0,58,42,11,21,97,9,0,112,6,0,17,17,4,93,23,56,38,0,8,5,14
275,0,135,100,64,72,62,0,0,59,7,3,13,52,9,28,84,62,34,6,1,2,15
276,0,522,254,96,136,535,195,14,623,35,26,159,95,82,228,282,466,112,36,8,5,1
277,0,35,24,6,9,43,36,0,105,1,4,0,2,13,49,21,44,16,0,8,14,16
278,0,28,5,4,4,20,3,0,55,0,8,5,4,13,24,3,33,18,0,8,16,1
279,0,409,209,69,100,729,78,7,292,20,14,59,58,41,183,178,206,75,27,5,1,8
280,0,224,119,50,118,305,66,0,325,19,9,41,59,27,194,97,196,71,12,8,5,1
281,0,18,17,6,15,14,4,0,20,1,0,7,9,11,11,7,33,11,0,16,8,1
282,0,21,10,0,0,15,13,0,26,0,5,11,4,16,8,15,26,5,0,8,16,1
283,0,36,30,25,34,153,17,0,32,4,0,7,39,7,50,17,16,9,5,5,14,12
284,0,22,6,0,8,31,21,0,100,0,4,7,6,27,41,7,44,10,0,8,16,14
285,0,21,9,5,10,35,23,0,53,0,5,16,8,17,28,14,42,7,0,8,16,5
286,0,188,138,64,106,479,83,8,377,17,7,61,88,28,232,117,150,40,13,5,8,14
287,0,81,33,10,8,89,44,0,96,0,0,19,0,14,43,41,74,19,0,8,5,1
288,0,61,32,0,3,44,29,4,192,0,0,8,8,1,47,17,29,81,11,8,17,1
289,0,40,21,4,8,16,5,0,23,0,0,0,2,2,9,12,21,7,0,1,8,2
290,0,181,141,51,95,154,8,0,148,23,6,12,58,16,93,116,88,80,6,1,5,8
291,0,285,127,61,84,331,109,5,352,22,10,98,42,36,143,115,333,55,21,8,16,5
292,0,153,78,13,22,96,54,18,207,8,29,18,24,51,88,78,158,63,17,8,16,1
293,0,255,114,38,63,313,124,5,527,10,34,57,70,61,213,140,277,103,32,8,5,16
294,0,200,90,13,19,144,71,0,147,6,6,33,10,52,91,83,179,56,3,1,16,8
295,0,189,148,40,110,285,37,5,331,17,9,21,97,27,218,92,75,76,26,8,5,14
296,0,113,47,11,11,154,67,14,352,0,14,0,20,33,137,71,93,69,10,8,5,14
297,3,158,74,28,41,205,72,4,250,3,8,42,34,34,136,75,175,70,10,8,5,16
298,0,110,85,46,91,155,23,4,210,13,4,14,58,22,103,48,76,92,12,8,5,1
299,0,123,67,51,50,359,65,35,450,11,21,26,64,39,256,99,142,76,14,8,5,14
300,0,29,4,0,7,47,3,0,11,0,0,4,0,7,12,5,19,2,0,5,1,16
301,0,350,182,48,78,334,80,0,292,9,9,45,64,17,148,162,215,109,27,1,5,8
302,0,21,11,0,0,7,8,0,14,0,2,4,3,12,6,12,24,8,0,16,1,8
303,0,394,191,66,113,622,138,18,559,23,27,104,106,72,305,202,342,102,40,5,8,1
304,0,31,4,0,4,22,0,0,25,0,0,14,0,10,29,12,35,8,0,16,1,14
305,0,132,82,23,19,240,55,5,398,4,17,13,43,36,166,84,126,84,8,8,5,14
306,0,8,4,0,0,62,4,0,64,0,0,0,7,0,31,10,5,12,0,8,5,14
307,0,141,119,40,38,144,20,10,130,11,5,12,51,7,83,126,45,53,0,5,1,8
308,0,274,155,49,93,487,146,22,603,25,55,100,106,72,243,153,307,113,34,8,5,16
309,0,23,8,3,6,14,4,0,28,0,0,0,7,10,14,5,22,16,0,8,1,16
310,0,24,26,0,6,24,4,10,22,1,0,0,0,0,29,21,3,9,0,14,2,1
311,0,279,183,42,105,280,74,9,497,20,16,41,60,44,240,125,192,115,49,8,5,1
312,0,129,103,51,50,241,36,18,423,0,55,39,91,81,213,86,167,141,27,8,5,14
313,0,245,141,78,128,239,68,0,311,14,44,56,72,69,148,126,227,127,34,8,1,5
314,0,124,82,52,148,388,52,0,342,15,0,24,55,21,214,39,156,22,11,5,8,14
315,0,57,21,0,3,110,62,16,152,0,26,14,9,30,41,30,100,41,3,8,5,16
316,0,29,23,2,9,24,11,4,203,0,3,4,8,5,85,4,27,54,7,8,14,17
317,0,41,11,0,0,6,4,0,20,0,4,7,0,16,20,15,52,13,0,16,1,8
318,0,80,50,7,59,301,64,0,301,12,5,8,55,26,141,31,45,52,7,5,8,14
319,4,22,3,0,5,14,15,0,30,0,4,7,0,18,16,3,36,5,0,16,8,1
320,0,281,119,35,35,159,56,0,95,9,4,53,20,15,115,112,194,38,32,1,16,5
321,0,57,45,5,18,102,26,11,270,0,20,0,28,50,124,22,53,72,10,8,14,5
322,0,35,10,2,2,23,43,9,103,0,25,9,0,31,48,17,74,32,0,8,16,14
323,0,82,35,4,9,67,49,3,176,0,0,3,12,20,62,40,89,47,5,8,16,1
324,0,61,18,9,18,68,35,0,132,5,0,14,9,22,76,33,84,23,0,8,16,14
325,0,83,64,30,32,135,31,7,220,3,18,24,41,33,72,69,61,85,12,8,5,17
326,0,188,120,13,37,154,21,7,193,8,23,79,27,42,99,97,110,83,19,8,1,5
327,0,198,87,22,38,331,79,27,404,12,10,50,37,48,186,93,170,77,14,8,5,1
328,0,335,136,5,33,144,98,4,483,10,22,44,30,50,163,120,294,164,52,8,1,16
329,0,68,25,4,8,41,34,0,111,6,8,5,6,21,53,23,76,36,0,8,16,1
330,0,135,111,69,116,235,29,5,243,10,3,25,88,18,167,62,95,74,32,8,5,14
331,0,11,21,1,12,55,23,14,148,0,8,10,8,20,49,8,31,34,0,8,5,14
332,0,341,164,17,21,180,76,0,203,11,18,44,10,71,93,133,312,58,33,1,16,8
333,0,28,9,0,3,50,8,0,31,0,0,0,4,4,33,0,28,9,4,5,14,8
334,0,190,109,22,53,328,101,9,628,16,37,45,49,86,259,119,210,92,19,8,5,14
335,0,28,7,0,0,16,10,0,25,0,0,9,0,27,8,11,49,8,0,16,1,13
336,0,58,31,3,10,281,24,0,88,3,0,7,8,4,93,21,38,8,9,5,14,8
337,0,78,66,0,9,18,3,0,47,4,0,0,0,5,19,64,24,37,0,1,2,15
338,0,16,14,17,5,122,10,0,123,0,19,8,4,38,92,16,56,36,4,8,5,14
339,0,214,100,25,39,282,123,10,468,5,50,56,49,54,155,129,186,122,28,8,5,1
340,0,44,41,35,52,65,1,0,55,9,0,0,29,5,41,21,14,34,4,5,8,4
341,0,15,4,0,3,29,7,0,30,0,5,11,0,3,10,1,17,0,0,8,5,16
342,0,33,14,27,21,284,74,20,345,9,22,17,29,22,141,37,99,16,0,8,5,14
343,0,175,101,22,28,256,86,3,506,11,24,21,21,43,160,115,169,107,22,8,5,1
344,0,141,81,29,39,217,46,10,307,3,10,19,25,31,174,73,146,50,12,8,5,14
345,0,137,72,11,29,255,56,5,465,0,5,17,34,39,252,40,158,59,13,8,5,14
346,0,289,119,1,29,125,82,1,217,17,17,20,16,29,102,89,220,90,21,1,16,8
347,0,273,119,37,51,175,83,0,280,16,0,24,33,29,111,94,205,75,26,8,1,16
348,0,55,34,14,26,83,8,0,75,8,0,23,7,8,28,17,74,9,0,5,8,16
349,0,9,2,2,2,20,15,7,87,4,4,3,2,3,31,6,32,12,0,8,16,14
350,0,68,43,4,9,37,10,0,85,0,18,12,8,19,42,57,57,50,10,8,1,15
351,0,51,7,8,11,15,24,0,91,0,0,13,13,23,38,8,80,18,0,8,16,1
352,0,86,35,0,0,24,50,0,43,0,16,11,0,4,40,52,70,19,0,1,16,15
353,0,22,7,0,0,8,11,0,62,0,0,2,0,9,16,13,30,13,0,8,16,1
354,0,59,48,12,38,275,13,14,526,12,12,7,50,42,237,56,68,79,15,8,5,14
355,0,23,7,0,0,9,11,4,32,0,0,17,5,20,31,15,44,8,0,16,8,14
356,0,25,3,0,1,13,7,4,45,1,0,8,0,19,16,5,39,7,0,8,16,1
357,0,109,49,12,26,105,18,0,92,10,0,8,3,16,63,38,73,36,0,1,5,8
358,0,5,8,5,14,23,3,0,127,4,0,5,5,12,25,18,7,10,0,8,14,5
359,0,76,34,9,4,9,7,0,26,4,0,0,0,3,34,35,48,19,0,1,16,15
360,0,82,43,6,18,80,35,4,249,8,9,0,3,32,89,42,57,87,5,8,14,17
361,0,66,28,0,0,158,41,4,205,0,24,16,19,32,176,32,107,36,14,8,14,5
362,0,35,0,0,0,16,17,0,33,0,5,4,0,25,9,5,58,9,0,16,1,8
363,0,305,137,51,45,294,100,2,315,5,26,98,28,50,128,182,264,73,13,8,1,5
364,0,0,0,0,2,28,4,0,33,0,4,4,6,4,29,0,16,10,0,8,14,5
365,0,12,12,8,13,70,9,5,105,0,0,9,12,6,36,18,27,8,0,8,5,14
366,0,25,14,0,0,29,10,0,22,0,0,114,0,0,10,19,45,0,0,11,16,5
367,0,73,31,0,0,27,28,0,52,0,5,125,0,21,23,67,86,14,0,11,16,1
368,0,50,21,0,0,19,29,5,39,0,4,81,0,0,18,40,45,8,0,11,1,16
369,0,34,31,5,3,18,4,0,32,0,0,0,0,0,29,32,11,20,0,1,8,15
370,0,59,33,3,4,82,15,0,109,4,16,9,13,38,47,43,75,35,8,8,5,16
371,0,82,39,4,9,61,19,0,85,5,0,19,5,0,37,33,44,30,17,8,1,5
372,0,47,11,0,0,6,56,0,121,0,4,90,0,26,30,19,141,12,0,16,8,11
373,0,206,130,79,111,309,35,10,332,8,8,14,85,16,214,80,102,79,19,8,5,14
374,0,292,156,18,40,200,105,5,341,14,12,46,17,44,138,131,308,52,8,8,16,1
375,0,36,4,0,0,0,17,0,18,0,12,27,0,20,5,16,83,4,0,16,1,11
376,0,7,4,0,0,29,8,0,57,0,0,3,6,7,46,4,32,4,0,8,14,16
377,0,41,19,0,0,36,12,0,43,0,0,28,0,3,24,19,43,4,0,8,16,1
378,0,297,176,58,132,373,78,8,609,16,9,58,100,37,276,129,220,101,25,8,5,1
379,0,202,122,6,53,278,51,12,304,4,9,55,21,36,130,116,131,87,22,8,5,1
380,0,104,66,15,34,118,24,4,262,3,17,28,24,30,96,73,88,85,12,8,5,1
381,0,54,60,39,78,107,22,7,243,0,21,11,56,40,134,41,78,46,4,8,14,5
382,0,25,11,0,4,47,32,3,115,0,0,3,0,8,20,26,33,22,4,8,5,16
383,0,11,5,0,10,61,17,0,199,0,25,10,7,40,70,13,59,37,9,8,14,5
384,0,36,8,4,8,13,12,0,39,0,5,3,9,21,21,15,40,12,0,16,8,1
385,0,113,68,38,34,280,86,30,425,4,42,48,46,57,140,75,145,71,15,8,5,16
386,0,81,34,0,0,0,12,0,18,0,0,0,0,4,7,21,38,15,5,1,16,2
387,0,238,139,73,58,269,117,20,398,7,12,87,48,34,117,151,198,118,14,8,5,1
388,0,62,22,9,12,29,23,0,83,0,5,49,4,25,19,21,94,14,0,16,8,1
389,0,114,69,51,91,411,73,8,399,21,42,39,111,56,237,72,134,89,11,5,8,14
390,0,17,11,10,15,16,17,0,71,0,5,0,13,13,34,9,32,15,0,8,14,16
391,0,95,47,3,10,91,59,4,251,0,3,14,22,34,78,31,87,66,31,8,1,5
392,0,72,50,19,16,114,47,12,245,0,14,7,27,32,88,37,71,45,8,8,5,14
393,0,421,244,71,185,616,76,5,466,32,10,39,72,56,263,175,285,81,37,5,8,1
394,0,279,158,12,50,193,36,0,126,16,5,56,25,3,88,168,147,43,11,1,5,15
395,0,83,60,8,20,61,15,0,101,11,5,7,10,8,47,45,37,30,5,8,1,5
396,0,89,38,4,7,19,6,0,57,5,2,5,0,22,21,19,107,16,3,16,1,8
397,0,95,34,9,23,73,63,0,193,5,20,17,25,42,58,61,106,50,9,8,16,1
398,0,129,109,32,52,251,45,0,234,8,11,20,50,45,151,73,86,75,26,5,8,14
399,0,283,176,58,128,242,83,15,323,16,7,47,68,32,128,102,200,75,18,8,1,5
400,0,25,4,0,7,22,5,0,22,0,0,15,0,6,21,9,29,7,0,16,1,5
401,0,78,53,15,25,145,29,1,223,1,9,4,29,41,139,22,83,63,16,8,5,14
402,0,64,39,15,18,81,26,8,118,0,0,4,5,20,51,44,56,38,5,8,5,1
403,0,76,43,5,12,54,13,0,57,4,0,12,0,9,39,40,54,28,0,1,8,5
404,0,37,3,0,10,47,20,0,56,2,4,8,1,19,26,9,57,20,0,16,8,5
405,0,243,138,62,157,436,85,23,575,21,20,109,73,44,213,114,201,83,39,8,5,1
406,0,185,127,60,67,321,95,34,544,13,26,91,88,49,201,137,174,144,27,8,5,14
407,0,212,132,50,66,310,54,0,249,11,22,84,61,42,133,120,135,71,25,5,8,1
408,0,30,7,0,1,28,15,0,43,0,5,4,5,22,23,15,40,6,0,8,16,1
409,0,94,60,12,11,191,31,6,382,0,20,11,27,63,140,68,132,95,18,8,5,14
410,0,18,0,3,3,22,5,0,49,0,0,0,7,5,30,2,25,8,0,8,14,16
411,0,101,62,7,13,75,16,0,75,0,7,4,17,13,51,47,39,27,7,1,5,8
412,0,62,32,21,7,56,15,5,91,0,0,12,8,4,34,29,50,21,0,8,1,5
413,0,47,25,0,0,32,20,0,117,0,2,2,4,18,59,37,31,37,0,8,14,1
414,0,16,0,0,0,10,20,0,45,0,5,11,0,12,11,18,50,4,0,16,8,6
415,0,25,5,4,5,18,9,0,37,0,0,4,4,13,24,13,41,13,0,16,8,1
416,0,429,248,60,164,578,149,7,852,25,14,82,98,79,439,126,382,133,40,8,5,14
417,0,331,174,63,95,418,101,4,377,18,19,106,72,42,218,180,246,100,28,5,8,1
418,0,8,7,0,4,8,5,0,21,0,4,9,1,11,4,5,27,0,0,16,8,13
419,0,37,26,4,4,38,5,0,50,0,8,0,5,7,56,16,29,17,0,14,8,5
420,0,13,6,4,0,26,18,0,88,0,9,3,4,31,34,8,36,14,0,8,16,14
421,0,76,35,0,2,29,53,0,74,2,20,38,0,23,36,48,98,27,0,16,1,8
422,4,87,40,3,11,62,49,0,120,4,4,101,0,31,38,64,88,25,4,8,11,16
423,0,44,14,0,4,10,46,0,169,0,11,3,0,17,26,8,76,30,0,8,16,6
424,0,25,12,9,24,29,9,6,81,0,0,4,12,5,31,8,19,13,7,8,14,5
425,0,317,125,4,6,89,95,3,163,0,12,83,10,36,71,154,214,60,15,1,16,8
426,0,29,38,13,17,93,32,0,148,0,45,19,41,46,64,23,90,61,14,8,5,16
427,0,33,13,5,9,28,14,0,60,0,4,10,13,21,26,4,39,9,0,8,16,1
428,0,42,11,4,20,62,31,0,88,4,9,10,12,29,39,4,71,22,0,8,16,5
429,0,326,183,46,88,440,104,10,593,25,24,87,76,69,248,136,241,130,42,8,5,1
430,0,55,26,5,4,35,45,0,124,0,8,20,0,13,38,40,56,36,0,8,16,1
431,0,27,2,4,4,10,15,0,21,0,3,3,4,17,14,2,43,14,0,16,1,8
432,0,60,42,2,6,87,22,0,89,3,0,8,0,7,49,38,54,17,0,8,5,1
433,0,36,22,3,4,24,25,0,64,0,10,2,3,11,30,15,43,23,4,8,16,1
434,0,25,16,4,21,70,4,0,49,5,0,14,0,0,45,10,32,11,0,5,8,14
435,0,384,217,60,79,418,108,6,366,18,11,138,54,51,172,227,308,108,22,5,1,8
436,0,94,23,11,19,188,65,0,256,13,4,38,20,12,112,42,127,15,15,8,5,16
437,0,110,82,52,112,307,40,4,437,16,20,53,97,35,246,72,129,65,12,8,5,14
438,0,46,28,4,4,52,4,0,47,0,0,0,2,0,43,22,31,25,0,5,8,1
439,0,20,8,3,0,35,11,0,59,0,0,9,0,7,30,10,26,2,0,8,5,14
440,0,37,15,0,6,43,25,0,125,0,0,0,2,18,55,14,52,22,0,8,14,16
441,0,22,7,8,11,25,3,0,22,0,0,2,3,7,8,8,16,4,0,5,1,8
442,0,190,79,2,0,130,68,0,120,0,4,56,8,12,62,85,148,33,14,1,16,5
443,0,25,5,0,0,12,18,3,28,0,0,8,0,13,14,19,26,15,0,8,16,1
444,0,43,8,0,0,9,8,0,50,0,0,3,0,8,36,14,36,18,0,8,1,14
445,0,70,26,6,7,62,53,5,112,0,2,11,5,26,26,26,94,13,4,8,16,1
446,0,20,0,0,0,16,20,0,51,0,6,5,3,18,15,4,42,14,0,8,16,1
447,0,150,71,7,14,139,62,5,180,2,20,30,15,17,102,92,158,71,8,8,16,1
448,0,4,7,0,3,27,14,14,76,0,5,3,5,16,10,13,19,8,0,8,5,16
449,0,30,4,7,3,61,34,6,173,4,0,3,3,5,51,12,54,17,0,8,5,16
450,0,352,238,60,184,682,135,5,947,23,49,70,120,103,474,157,344,165,49,8,5,14
451,0,54,18,1,18,69,30,8,94,1,4,15,4,42,48,17,104,17,0,16,8,5
452,0,161,99,34,65,205,35,5,305,10,11,20,35,40,157,82,120,100,21,8,5,1
453,0,160,80,3,20,174,60,4,215,4,0,22,19,2,88,63,123,53,9,8,5,1
454,0,163,98,27,53,166,48,4,326,7,17,5,49,48,175,71,148,84,21,8,14,5
455,0,202,105,11,35,127,53,0,356,8,6,37,16,33,154,110,157,74,9,8,1,16
456,0,149,63,25,31,194,71,8,346,4,11,40,45,45,147,73,142,59,14,8,5,1
457,0,288,169,26,70,311,64,5,503,16,13,56,56,25,223,174,199,112,23,8,5,1
458,0,99,35,39,35,139,72,17,367,2,18,19,33,45,104,49,130,62,14,8,5,16
459,0,149,76,22,43,121,20,0,127,10,0,8,23,26,86,73,128,48,0,1,16,8
460,0,29,10,2,7,40,44,7,160,0,4,6,4,23,54,12,40,18,0,8,14,6
461,0,10,7,0,6,27,7,0,32,0,3,1,3,8,13,14,5,5,2,8,5,15
462,0,32,11,0,8,27,15,0,68,0,0,14,5,15,28,6,53,14,0,8,16,1
463,0,58,36,11,35,123,28,4,201,5,5,2,13,14,115,30,46,23,0,8,5,14
464,0,64,19,0,4,59,55,0,61,0,9,9,9,31,35,37,90,32,4,16,1,8
465,0,39,30,25,36,72,22,6,131,3,6,0,22,23,49,44,48,44,2,8,5,14
466,0,201,67,2,3,51,61,0,125,1,11,22,2,40,67,57,136,44,6,1,16,8
467,0,40,26,7,4,45,39,5,78,0,4,4,0,13,22,34,31,11,0,8,5,1
468,0,100,71,19,43,168,54,0,337,7,7,4,39,24,107,70,88,67,12,8,5,14
469,0,19,23,0,0,44,19,0,86,0,19,0,13,28,50,9,33,37,4,8,14,5
470,0,33,23,3,3,47,23,11,123,0,0,4,3,8,44,29,31,21,0,8,5,14
471,0,12,27,43,87,53,0,0,10,0,0,0,19,4,16,12,0,7,0,4,5,3
472,0,456,272,60,128,332,73,0,258,33,0,92,80,30,178,251,275,75,25,1,5,16
473,0,14,4,0,0,34,32,8,84,0,4,0,3,15,41,6,17,3,0,8,14,5
474,0,225,147,12,62,321,105,4,698,14,52,42,57,95,258,126,255,157,33,8,5,14
475,0,11,5,0,8,36,21,0,37,0,3,0,0,12,24,6,17,7,0,8,5,14
476,0,67,21,0,5,231,17,0,48,6,0,17,14,4,69,16,27,18,12,5,14,1
477,0,4,0,0,0,96,0,0,64,0,0,0,10,0,112,0,8,0,0,14,5,8
478,0,55,16,9,19,162,28,7,149,1,3,17,13,12,79,23,76,17,2,5,8,14
479,0,254,151,30,41,178,34,8,239,3,9,41,21,26,142,132,169,114,20,1,8,5
480,0,44,20,9,5,40,28,0,108,0,16,16,19,20,41,35,52,19,12,8,16,1
481,0,48,30,4,11,103,4,0,72,0,4,0,4,27,74,17,44,34,5,5,14,8
482,0,42,8,0,2,33,7,0,31,0,0,6,3,7,28,14,32,11,0,1,5,16
483,0,73,54,17,20,35,2,0,70,0,0,2,14,3,50,65,15,33,3,1,8,15
484,0,269,167,23,56,170,28,0,173,22,8,14,27,8,125,140,113,64,23,1,8,5
485,0,16,0,3,3,25,12,0,31,0,5,6,9,10,21,0,24,7,0,8,5,16
486,0,96,48,10,12,156,73,14,306,0,10,10,14,34,108,53,137,45,0,8,5,16
487,0,302,129,47,64,223,81,2,329,10,1,19,36,23,180,120,231,69,20,8,1,16
488,0,152,89,9,30,111,28,0,246,0,7,20,27,29,110,71,112,86,15,8,1,16
489,0,113,47,7,39,82,47,5,139,12,7,41,12,52,47,46,144,23,0,16,8,1
490,0,38,29,7,9,42,23,7,72,0,4,2,5,11,19,36,24,14,0,8,5,1
491,0,13,0,5,0,25,22,0,77,0,10,0,1,19,17,7,50,8,0,8,16,5
492,0,19,11,0,0,38,22,0,136,0,7,3,5,15,36,8,21,47,3,8,17,5
493,0,211,87,17,25,138,48,8,178,3,4,26,28,23,56,116,139,71,5,1,8,16
494,0,52,30,3,3,40,17,0,93,0,0,5,6,12,24,31,40,31,0,8,1,5
495,0,279,184,45,103,244,59,0,235,13,10,109,70,20,121,158,159,77,23,1,5,8
496,0,99,67,25,50,77,22,0,167,6,8,30,40,19,81,78,84,51,4,8,1,16
497,0,353,169,66,83,327,77,3,188,17,10,60,39,28,155,175,209,52,30,1,5,16
498,0,84,40,1,10,110,55,8,234,9,31,29,8,30,76,75,120,46,13,8,16,5
499,0,75,56,6,16,104,45,0,193,0,13,12,14,36,67,36,72,74,10,8,5,1
500,0,130,80,4,29,261,42,0,368,15,9,36,17,24,214,100,130,53,4,8,5,14
501,0,72,33,0,4,91,55,0,113,4,0,14,3,20,36,28,69,11,8,8,5,1
502,0,46,17,0,13,34,6,0,11,2,0,24,0,24,11,21,55,12,0,16,1,5
503,0,121,55,10,27,170,55,0,355,10,20,26,26,33,205,42,118,80,8,8,14,5
504,0,156,85,26,99,253,56,12,411,24,0,84,63,27,139,84,198,65,15,8,5,16
505,0,148,88,30,70,85,16,0,155,10,0,10,31,11,92,60,94,62,21,8,1,16
506,0,282,161,31,95,282,77,2,253,19,38,28,42,72,185,126,223,69,40,1,5,8
507,0,148,63,4,14,46,20,0,62,5,10,25,8,34,43,59,137,34,0,1,16,2
508,0,87,63,10,24,129,2,3,116,5,0,37,34,5,49,75,41,59,6,5,8,1
509,0,34,15,0,1,12,12,0,21,1,5,10,8,14,21,22,31,24,0,1,16,17
510,0,32,3,0,9,19,3,0,40,0,3,4,2,7,14,5,33,12,0,8,16,1
511,0,22,8,0,0,15,6,0,32,0,2,15,0,15,13,15,32,5,0,8,16,1
512,0,27,10,4,4,9,19,0,45,0,4,5,9,8,13,13,34,15,5,8,16,1
513,0,84,45,0,0,17,4,0,8,4,0,0,0,3,15,36,36,15,5,1,2,15
514,0,159,83,36,35,299,45,4,328,9,9,23,31,39,181,106,111,92,21,8,5,14
515,0,26,8,3,13,25,12,0,49,0,3,16,8,19,12,8,47,13,0,8,16,1
516,0,20,12,5,0,21,13,0,47,0,0,0,3,9,19,22,5,29,0,8,17,15
517,0,55,30,7,10,33,6,0,29,5,2,0,4,10,44,24,34,9,0,1,14,16
518,0,53,36,7,9,65,32,5,134,2,0,5,5,11,44,22,80,19,0,8,16,5
519,0,46,15,0,12,27,33,0,90,5,5,14,5,21,38,7,51,5,0,8,16,1
520,0,4,0,1,0,28,7,0,44,0,3,0,4,3,20,0,20,10,0,8,5,14
521,0,211,115,22,26,144,51,4,123,9,3,17,13,20,74,118,143,50,12,1,5,16
522,0,19,8,0,0,31,14,4,64,0,4,9,4,9,9,13,43,26,5,8,16,5
523,0,28,24,34,22,245,17,14,151,8,0,5,35,4,114,33,14,31,13,5,8,14
524,0,194,124,10,36,298,105,8,473,15,38,46,46,70,216,95,214,120,28,8,5,14
525,0,49,27,8,13,48,21,0,74,5,0,10,7,11,31,24,46,8,0,8,1,5
526,0,53,18,10,6,47,37,5,110,0,5,12,0,17,40,37,78,22,0,8,16,1
527,0,96,44,11,13,108,44,5,298,7,12,30,23,37,93,55,95,75,19,8,5,1
528,0,58,38,4,5,64,14,0,56,1,8,4,4,11,49,42,54,18,4,5,1,8
529,0,35,8,0,0,30,17,0,55,0,0,16,4,31,33,21,71,18,0,16,8,1
530,0,29,15,0,0,43,15,0,88,0,0,8,5,16,74,25,38,19,3,8,14,5
531,0,28,3,0,6,13,22,0,62,3,5,3,3,13,31,1,43,14,0,8,16,14
532,3,338,194,58,106,307,103,4,420,11,5,47,62,42,171,121,259,76,46,8,1,5
533,0,238,133,24,51,255,48,11,393,14,20,11,33,50,207,112,212,109,14,8,5,1
534,0,87,48,13,18,118,23,0,89,3,4,13,4,20,31,30,124,21,0,16,5,8
535,0,94,71,7,36,243,47,12,501,10,30,9,32,36,184,65,119,92,12,8,5,14
536,0,198,164,51,104,160,6,0,242,15,4,25,46,19,149,113,94,99,22,8,1,2
537,0,188,113,20,43,353,113,16,778,12,47,60,52,73,263,112,215,119,28,8,5,14
538,0,102,49,2,4,67,36,0,156,4,7,10,4,8,59,52,70,60,5,8,1,16
539,0,9,8,0,5,75,8,0,145,0,0,4,22,8,71,14,12,24,5,8,5,14
540,0,70,31,16,13,58,24,0,106,3,0,4,7,7,42,47,58,27,0,8,1,5
541,0,115,135,76,162,178,12,4,126,13,3,8,69,12,79,70,44,39,4,5,4,2
542,0,74,38,43,54,236,44,5,180,11,4,10,51,9,66,52,49,39,11,5,8,1
543,0,190,82,23,28,173,61,0,305,3,19,22,17,42,147,76,173,72,9,8,1,5
544,0,27,11,0,4,13,19,0,39,0,5,4,0,12,21,11,31,10,0,8,16,1
545,0,290,180,43,65,158,28,0,118,12,3,51,45,12,93,137,121,75,26,1,2,5
546,0,89,38,0,5,23,22,0,66,4,0,79,0,11,21,72,83,24,0,1,16,11
547,0,13,0,0,0,39,12,0,46,0,5,0,7,17,23,4,26,0,0,8,5,16
548,0,206,77,4,8,63,85,0,234,2,23,38,4,53,70,99,271,51,5,16,8,1
549,0,46,29,5,11,21,12,0,32,6,0,4,0,4,24,24,24,18,0,1,8,2
550,0,60,44,14,23,36,1,0,37,2,0,9,11,13,47,34,31,20,0,1,14,2
551,0,387,159,17,29,283,134,0,529,11,13,78,45,73,208,148,368,100,40,8,1,16
552,0,73,36,5,15,99,21,0,80,3,0,5,3,8,62,36,51,24,0,5,8,1
553,0,52,48,8,26,105,35,0,192,3,24,7,19,45,84,28,78,71,22,8,5,14
554,0,116,83,23,42,114,19,0,178,12,1,3,31,20,109,66,109,46,0,8,1,5
555,0,75,38,5,0,81,20,0,61,0,12,3,9,15,40,39,76,27,0,5,16,1
556,0,20,18,0,6,43,29,9,109,0,4,4,13,34,29,7,33,28,0,8,5,13
557,0,49,17,0,8,29,31,0,109,3,4,12,4,17,39,34,53,22,0,8,16,1
558,0,0,0,0,0,14,5,4,75,0,0,0,0,4,30,0,5,8,0,8,14,5
559,0,81,35,0,12,89,28,2,125,0,0,0,0,26,33,12,61,54,9,8,5,1
560,0,82,50,7,14,96,30,8,137,9,22,17,7,15,63,73,77,40,4,8,5,1
561,0,199,106,33,56,288,95,21,499,6,39,61,59,51,182,117,194,112,29,8,5,1
562,0,88,60,18,34,51,21,0,97,4,1,15,29,10,72,28,63,27,8,8,1,14
563,0,42,41,0,3,67,7,0,21,0,0,0,0,0,41,19,10,14,0,5,1,2
564,0,76,41,0,0,11,10,0,46,4,3,0,4,9,12,26,53,16,0,1,16,8
565,0,14,0,0,0,48,0,0,124,0,0,0,0,5,42,10,5,20,0,8,5,14
566,0,126,58,7,19,134,43,7,262,8,8,11,22,23,109,50,98,67,12,8,5,1
567,0,90,39,3,8,133,75,18,280,2,49,16,17,61,101,85,143,78,18,8,16,5
568,0,24,12,0,6,64,35,2,139,4,18,7,17,31,59,15,46,31,6,8,5,14
569,0,59,36,8,16,65,16,0,110,0,4,3,4,25,52,30,62,16,0,8,5,16
570,0,13,6,0,1,5,8,0,33,0,4,2,1,10,12,9,16,15,0,8,16,17
571,0,10,8,4,0,19,3,2,37,0,8,0,0,12,10,4,6,6,0,8,5,13
572,0,8,3,0,0,19,3,4,34,0,0,0,7,5,18,4,7,6,0,8,5,14
573,0,29,14,0,3,40,12,0,107,3,8,6,2,16,40,25,40,42,4,8,17,5
574,0,14,3,0,0,29,27,2,115,0,8,4,9,21,24,10,52,11,0,8,16,5
575,0,25,11,0,2,19,9,0,35,0,0,0,0,8,14,13,27,16,0,8,16,1
576,0,27,16,4,6,50,11,0,56,0,0,3,3,6,49,25,14,12,4,8,5,14
577,0,208,134,32,93,240,41,5,255,12,10,48,28,22,152,80,157,70,13,8,5,1
578,0,37,12,0,0,5,3,0,25,0,0,5,0,1,12,17,29,3,0,1,16,8
579,0,48,30,11,4,153,15,0,75,0,3,11,10,15,82,33,39,27,5,5,14,8
580,0,76,42,3,5,43,9,0,43,0,0,14,5,2,26,58,49,29,0,1,15,16
581,0,19,15,5,0,6,15,8,71,0,0,0,0,0,27,19,5,11,5,8,14,1
582,0,67,48,11,19,53,14,0,73,5,0,3,3,10,37,53,35,19,0,8,1,5
583,0,8,14,0,0,27,16,0,57,0,0,5,8,5,30,20,31,9,0,8,16,14
584,0,54,45,4,4,18,0,0,18,4,0,0,0,0,21,51,0,12,0,1,15,2
585,0,16,7,0,3,42,0,4,254,0,0,0,11,3,74,5,8,21,5,8,14,5
586,0,282,113,7,6,119,76,0,159,10,0,65,9,22,89,84,180,52,17,1,16,8
587,0,64,22,2,27,68,25,0,126,6,7,29,8,42,42,39,101,17,0,8,16,5
588,0,195,139,58,114,306,35,5,355,15,0,42,85,16,221,90,116,63,13,8,5,14
589,0,39,12,5,22,35,10,0,46,4,0,15,8,23,30,5,56,15,0,16,8,1
590,0,13,0,0,0,36,24,4,124,0,0,0,0,8,40,2,17,12,0,8,14,5
591,0,30,15,0,6,167,23,7,147,3,0,0,3,12,86,10,26,19,4,5,8,14
592,0,260,120,48,63,364,142,39,668,17,24,71,41,92,227,125,300,93,17,8,5,16
593,0,109,57,9,28,192,21,0,265,4,0,15,18,14,207,37,106,62,13,8,14,5
594,0,22,14,0,0,13,8,0,60,0,0,0,3,0,27,10,7,31,0,8,17,14
595,0,47,31,5,12,97,36,5,140,8,0,6,4,6,63,35,57,18,4,8,5,14
596,0,34,12,0,0,8,0,0,24,0,0,13,3,9,26,15,31,13,0,1,16,14
597,0,62,23,3,16,47,13,0,44,0,0,0,5,4,43,31,46,21,0,1,5,16
598,0,38,0,4,13,16,5,0,48,4,2,4,4,12,17,12,30,13,0,8,1,16
599,0,16,0,4,4,85,7,0,59,0,0,12,7,5,86,1,30,13,0,14,5,8
600,0,262,118,0,0,40,43,0,71,0,5,13,3,0,40,94,79,45,32,1,2,15
601,0,118,94,13,60,119,30,5,191,12,1,39,41,21,67,93,68,44,2,8,5,1
602,0,47,37,8,25,30,5,0,31,0,0,5,4,0,25,24,25,14,0,1,2,8
603,0,105,66,5,2,28,19,0,50,0,5,7,5,0,53,85,38,36,0,1,15,2
604,0,22,10,0,0,10,13,5,23,4,0,54,0,0,2,21,33,0,0,11,16,8
605,0,74,39,9,9,55,33,0,210,0,4,5,6,28,76,19,97,61,0,8,16,14
606,0,277,147,66,101,266,94,9,340,11,5,56,80,29,166,142,203,97,18,8,1,5
607,0,19,15,0,0,33,14,4,92,0,0,0,3,4,35,9,12,32,3,8,14,5
608,0,62,15,6,23,133,43,0,384,4,16,25,14,32,163,11,125,46,6,8,14,5
609,0,8,11,7,12,18,0,0,34,0,0,2,3,1,16,3,8,0,0,8,5,14
610,0,60,27,10,30,49,21,0,135,9,11,12,25,10,87,35,92,32,12,8,16,14
611,0,33,5,0,0,21,25,0,82,0,6,13,0,28,38,4,53,8,0,8,16,14
612,0,17,16,4,22,35,6,0,34,0,0,0,0,5,10,3,26,0,0,5,8,16
613,0,25,13,4,4,23,17,0,59,0,5,2,0,5,22,20,22,18,5,8,1,5
614,0,28,8,5,5,40,8,3,54,6,0,2,2,2,21,14,25,11,0,8,5,1
615,0,41,15,0,6,112,26,14,263,7,4,6,15,17,102,20,35,47,9,8,5,14
616,0,50,8,0,0,21,22,0,78,0,12,13,7,26,19,15,76,15,0,8,16,1
617,0,42,11,0,2,38,27,9,78,4,24,111,1,11,30,36,68,11,4,11,8,16
618,0,184,99,52,88,156,53,0,360,7,5,33,61,18,175,67,141,75,14,8,1,14
619,0,263,84,0,0,18,59,0,79,0,4,18,0,19,46,68,162,48,3,1,16,2
620,0,98,110,82,167,120,1,0,98,25,0,57,46,11,57,72,86,17,0,4,5,2
621,0,266,117,45,86,247,34,0,133,13,1,35,44,21,94,110,126,53,5,1,5,8
622,0,261,155,60,70,242,61,0,243,15,8,26,65,26,145,149,153,65,0,1,8,5
623,0,56,26,0,0,72,15,0,43,0,7,12,10,16,65,39,27,24,5,5,14,1
624,0,117,46,13,14,156,53,0,242,4,4,13,10,36,106,57,120,43,0,8,5,16
625,0,119,65,16,21,129,13,0,138,4,7,9,24,36,95,70,87,61,4,8,5,1
626,0,13,3,0,1,6,12,0,43,0,4,7,1,17,19,8,25,6,0,8,16,14
627,0,253,115,0,3,67,70,0,319,3,7,20,8,15,96,108,141,101,33,8,1,16
628,0,18,3,0,2,42,15,0,62,0,5,5,0,10,8,10,45,10,0,8,16,5
629,0,129,56,0,14,97,69,0,283,5,0,17,9,28,104,44,120,56,4,8,1,16
630,0,90,41,14,26,126,27,0,124,13,0,12,4,6,75,53,113,28,0,5,8,16
631,0,8,2,0,0,13,13,0,30,0,0,9,4,8,15,0,22,3,0,8,16,14
632,0,157,89,27,47,112,30,0,171,4,0,22,54,12,99,66,103,56,23,8,1,5
633,0,101,41,3,11,21,5,0,70,4,3,13,10,21,31,39,95,25,6,1,16,8
634,0,82,31,14,20,130,49,5,223,4,8,4,7,22,73,36,114,36,6,8,5,16
635,0,19,10,4,4,29,13,0,42,0,4,6,0,23,37,1,45,3,0,16,8,14
636,0,24,10,8,8,12,5,5,47,0,0,0,5,0,15,24,14,14,0,8,1,15
637,0,57,32,11,19,73,24,3,127,1,0,0,4,19,69,19,65,36,1,8,5,14
638,0,172,84,0,0,60,17,0,42,3,4,13,5,3,35,71,63,47,6,1,2,15
639,0,28,24,0,4,129,13,5,273,2,8,0,13,23,163,10,47,38,10,8,14,5
640,0,161,73,10,12,192,57,0,142,0,13,9,19,14,93,55,120,23,0,5,1,8
641,0,3,8,9,9,29,6,0,89,5,13,0,9,14,20,17,30,17,4,8,16,5
642,0,251,222,92,263,529,34,0,328,45,4,34,102,19,225,112,120,72,24,5,8,4
643,0,211,87,58,54,272,90,8,238,11,16,60,53,32,126,87,187,66,17,5,8,1
644,0,75,21,0,20,41,23,0,50,4,4,4,1,20,43,30,61,18,0,1,16,8
645,0,78,29,0,4,129,47,9,245,7,25,38,19,24,85,73,78,69,15,8,5,14
646,0,21,6,0,8,28,8,4,48,2,3,12,4,12,25,3,41,10,0,8,16,5
647,0,104,53,12,15,65,16,0,71,4,0,0,16,10,58,23,55,16,13,1,8,5
648,0,357,197,32,78,351,43,0,201,15,9,108,37,41,140,191,207,93,20,1,5,16
649,0,58,34,5,5,12,13,0,26,0,0,0,0,5,13,26,32,15,0,1,2,16
650,0,266,184,39,86,264,53,7,326,15,31,80,85,45,153,173,190,116,25,8,1,5
651,0,9,0,0,0,20,17,0,40,0,5,0,0,12,15,0,11,12,0,8,5,6
652,0,27,2,4,6,10,4,0,22,0,0,6,4,12,16,6,37,10,0,16,1,8
653,0,272,128,7,34,203,70,3,288,9,14,40,20,44,104,131,193,91,16,8,1,5
654,0,160,80,48,42,181,36,0,193,7,5,3,25,21,132,59,151,30,3,8,5,1
655,0,241,95,5,28,454,164,62,1223,10,35,58,55,94,341,116,355,131,10,8,5,16
656,0,6,0,0,0,17,9,0,44,0,3,0,0,7,5,3,12,3,0,8,5,16
657,0,11,9,3,7,29,13,0,48,0,2,0,0,3,12,6,12,12,4,8,5,6
658,0,51,36,14,17,70,39,3,144,0,8,3,2,12,31,34,54,37,3,8,5,16
659,0,154,85,0,9,212,45,0,326,4,32,37,47,47,167,89,139,76,23,8,5,14
660,0,231,137,32,64,201,29,2,160,14,5,40,42,27,91,135,118,49,14,1,5,8
661,0,129,76,39,44,122,5,4,194,4,9,28,29,12,103,85,105,60,4,8,1,5
662,0,7,3,0,0,16,5,3,67,0,0,0,3,2,29,3,11,14,0,8,14,5
663,0,128,46,14,19,127,68,0,266,3,6,27,9,38,88,51,175,53,0,8,16,1
664,0,122,70,25,23,196,70,0,287,0,44,6,32,66,119,66,138,57,9,8,5,16
665,0,122,48,33,42,158,47,0,196,11,4,21,44,17,121,68,90,53,5,8,5,1
666,0,161,89,15,15,260,88,15,398,3,43,33,25,70,149,104,208,109,26,8,5,16
667,0,28,3,0,0,39,12,0,139,0,0,2,4,8,39,0,24,13,3,8,5,14
668,0,54,46,12,12,42,20,0,55,0,5,11,14,21,27,25,48,14,2,8,1,16
669,0,77,53,18,14,88,40,0,166,0,14,5,4,30,66,54,82,63,4,8,5,16
670,0,45,22,2,14,40,10,0,59,0,15,0,18,36,30,26,54,30,3,8,16,1
671,0,276,117,0,0,62,54,0,99,5,10,41,4,17,89,92,175,37,18,1,16,2
672,0,18,6,0,2,52,4,0,36,0,0,0,0,3,33,11,4,11,0,5,8,14
673,0,22,0,0,0,26,14,0,83,0,3,10,0,18,17,2,44,13,0,8,16,5
674,0,66,38,4,13,51,5,0,48,0,0,3,2,4,35,21,47,16,0,1,5,8
675,0,4,5,0,0,22,2,0,105,0,0,0,0,6,17,4,7,12,0,8,5,14
676,0,106,56,24,31,89,18,0,100,4,5,3,15,15,59,42,79,53,0,1,8,5
677,0,49,31,19,20,52,17,0,55,0,0,17,6,13,25,24,54,14,0,8,16,5
678,0,34,16,5,5,14,14,0,60,0,0,0,0,1,28,17,28,11,0,8,1,14
679,0,56,42,16,31,80,11,0,88,3,4,8,19,15,72,34,35,43,7,8,5,14
680,0,33,22,14,9,62,14,0,70,0,0,0,4,0,35,21,25,21,3,8,5,14
681,0,6,6,3,13,12,0,0,40,0,0,2,8,4,17,2,9,13,0,8,14,4
682,0,390,176,36,64,399,125,12,457,15,21,67,49,37,203,148,279,103,34,8,5,1
683,0,48,24,4,18,40,54,0,140,6,8,9,13,29,39,17,71,28,0,8,16,6
684,0,59,45,15,33,170,11,4,82,3,0,5,7,0,96,41,42,25,7,5,14,8
685,0,1,0,0,0,9,9,0,20,0,5,2,4,10,11,0,12,1,0,8,16,14
686,0,73,26,15,15,67,54,6,173,0,14,14,24,25,42,38,67,64,7,8,1,5
687,0,20,0,0,0,22,2,0,24,0,0,8,4,2,27,3,32,9,0,16,14,8
688,0,20,10,0,10,25,31,0,35,0,5,14,0,14,10,0,56,10,0,16,8,6
689,0,79,40,6,9,29,3,0,36,0,0,0,3,13,29,56,47,21,0,1,15,16
690,0,78,30,8,18,199,30,0,95,2,5,14,13,7,70,17,84,18,18,5,8,16
691,0,21,14,5,14,41,9,0,69,0,0,6,0,8,31,8,26,18,0,8,5,14
692,0,18,4,4,4,93,14,0,37,4,0,4,0,4,26,13,12,7,0,5,8,14
693,0,133,56,7,16,49,45,7,264,6,18,13,25,28,63,55,144,54,8,8,16,1
694,0,148,109,8,34,145,34,8,285,14,24,23,53,34,137,103,106,114,35,8,1,5
695,0,22,5,3,3,26,21,0,50,0,4,14,10,23,36,18,45,3,0,8,16,14
696,0,13,8,0,0,10,18,0,93,0,5,9,0,23,17,0,26,18,0,8,16,13
697,0,135,34,19,22,89,37,1,149,3,5,22,11,37,81,56,137,36,0,8,16,1
698,0,99,61,15,29,118,19,0,128,2,10,7,27,30,118,64,70,53,4,8,5,14
699,0,100,71,21,62,102,43,0,187,12,0,16,19,44,88,55,137,26,0,8,16,5
700,0,43,22,3,4,17,3,4,28,4,0,0,0,0,22,21,17,21,3,1,8,2
701,0,35,13,4,8,24,12,0,97,0,0,0,4,15,39,9,32,17,0,8,14,1
702,0,49,31,4,7,8,3,0,16,0,0,6,7,3,11,38,15,4,0,1,15,2
703,0,54,32,11,12,52,17,0,68,0,0,8,7,6,30,33,42,20,0,8,1,5
704,0,40,33,5,9,103,18,0,180,0,26,7,13,31,75,29,52,44,11,8,5,14
705,0,227,155,28,84,114,16,0,99,12,2,2,23,5,77,91,87,42,3,1,2,5
706,0,33,28,4,4,21,11,0,34,0,0,5,0,3,18,16,32,17,0,8,1,16
707,0,24,22,7,21,279,38,19,521,0,18,13,36,49,196,6,65,58,4,8,5,14
708,0,86,56,16,31,125,10,3,126,0,1,0,24,10,107,26,54,33,0,8,5,14
709,0,272,106,4,7,84,65,0,150,7,6,74,7,6,77,94,142,46,21,1,8,16
710,0,79,31,26,33,35,59,0,155,0,20,15,29,34,54,38,82,34,4,8,16,1
711,0,103,80,53,74,287,18,4,451,7,9,25,63,14,267,62,60,77,15,8,5,14
712,0,107,133,55,160,292,4,0,197,22,0,2,58,3,182,62,28,32,27,5,8,14
713,0,11,0,0,3,20,9,0,56,0,4,3,1,12,14,2,26,7,0,8,16,5
714,0,71,44,3,8,43,1,0,34,2,0,0,3,8,34,33,51,20,0,1,16,2
715,0,209,87,28,23,188,59,0,172,2,3,27,20,8,116,106,153,64,17,1,5,8
716,0,194,151,52,103,331,54,5,410,14,27,32,100,61,242,86,132,137,28,8,5,14
717,0,102,37,2,0,60,48,0,172,4,9,10,4,42,67,41,103,26,0,8,16,1
718,0,64,26,3,2,41,3,0,44,2,0,0,3,5,30,15,62,14,0,1,16,8
719,0,26,18,4,6,49,7,0,129,3,3,4,7,7,48,10,51,20,7,8,16,5
720,0,3,4,0,4,34,9,0,78,0,5,0,3,13,34,4,22,10,0,8,5,14
721,0,158,87,8,39,156,40,5,299,9,6,13,12,37,140,85,100,76,12,8,1,5
722,0,40,19,0,5,39,19,0,50,0,3,7,0,28,24,9,59,13,0,16,8,1
723,0,24,16,10,3,22,0,0,31,0,3,0,2,5,17,19,14,11,0,8,1,5
724,0,34,14,3,10,46,22,0,80,1,4,14,5,23,35,11,58,12,0,8,16,5
725,0,32,7,0,0,24,5,0,38,0,0,3,0,13,28,12,41,17,0,16,8,1
726,0,12,7,4,9,47,2,0,14,5,0,0,0,0,11,6,9,0,0,5,8,1
727,0,409,201,55,63,318,80,0,257,18,5,63,50,32,196,161,216,90,38,1,5,8
728,0,16,8,0,6,15,5,0,54,0,0,0,6,7,13,0,33,7,0,8,16,1
729,0,28,0,0,1,16,1,0,13,0,0,2,4,11,18,0,31,5,0,16,1,14
730,0,35,18,4,8,40,15,0,57,0,0,0,0,5,39,32,32,10,0,8,5,14
731,0,19,27,8,24,96,18,1,146,0,6,1,27,19,105,7,25,17,6,8,14,5
732,0,8,5,0,10,22,5,0,34,0,0,4,3,5,12,0,20,14,0,8,5,16
733,0,34,17,4,8,54,35,7,227,2,4,2,0,23,68,12,46,25,3,8,14,5
734,0,53,43,8,23,48,3,0,104,4,0,4,33,12,93,30,43,28,4,8,14,1
735,0,35,19,4,8,42,18,4,95,0,0,7,5,12,38,20,40,28,0,8,5,16
736,0,22,13,4,4,15,13,0,37,0,0,0,5,6,26,8,5,14,0,8,14,1
737,0,30,9,5,1,28,27,4,68,0,4,0,6,0,4,28,19,13,0,8,1,5
738,0,239,137,39,45,158,21,0,162,12,5,21,26,22,75,172,122,80,15,1,15,8
739,0,44,27,1,6,20,19,0,57,0,0,1,4,13,39,19,46,29,7,8,16,1
740,0,15,2,0,0,18,8,0,22,0,5,4,7,11,17,5,29,10,0,16,8,5
741,0,106,50,2,11,129,26,4,145,3,4,13,13,13,120,38,89,43,4,8,5,14
742,0,23,14,4,4,22,13,0,54,0,0,0,0,4,19,21,12,7,0,8,1,5
743,0,29,7,4,5,24,13,0,69,2,5,2,3,8,24,16,43,18,0,8,16,1
744,0,18,7,4,4,21,23,0,51,0,10,4,0,19,15,3,40,10,0,8,16,6
745,0,40,23,6,8,33,22,0,106,0,4,3,0,13,26,27,38,28,13,8,1,16
746,0,180,90,4,15,53,15,0,51,3,4,12,8,3,43,72,77,31,3,1,2,16
747,0,154,100,71,123,378,98,36,560,11,25,39,81,72,195,101,181,126,19,8,5,14
748,0,123,57,28,18,107,16,12,169,0,13,15,26,21,88,83,74,77,4,8,1,5
749,0,376,237,46,124,314,70,3,355,29,14,45,66,48,173,170,239,119,36,1,8,5
750,0,31,15,0,4,27,5,0,33,0,0,4,0,10,24,14,41,15,0,16,8,1
751,0,150,93,41,58,249,38,0,192,9,10,12,65,35,150,84,123,33,0,5,8,1
752,0,38,21,0,12,59,32,3,107,0,5,17,1,31,29,21,81,13,5,8,16,5
753,0,55,23,5,9,45,17,0,109,0,18,4,5,11,42,18,38,42,8,8,1,5
754,0,24,10,0,6,22,14,0,61,0,0,3,0,10,20,0,39,6,3,8,16,1
755,0,32,8,4,11,24,8,0,45,0,6,4,8,13,25,11,44,19,0,8,16,1
756,0,115,74,41,81,89,17,0,96,9,6,10,49,11,70,76,98,24,6,1,16,8
757,0,308,154,35,35,89,41,0,149,6,4,37,23,24,75,159,199,75,24,1,16,15
758,0,347,176,18,44,463,111,20,477,15,35,82,69,99,216,198,320,85,23,8,5,1
759,0,76,40,5,5,23,9,0,38,0,0,0,0,9,30,31,60,21,0,1,16,2
760,0,26,9,4,4,53,1,0,51,0,0,12,18,3,61,24,26,12,0,14,5,8
761,0,67,38,2,10,38,12,0,90,0,0,14,3,3,43,29,45,30,4,8,1,16
762,0,10,5,0,0,19,6,0,40,0,5,0,0,5,42,4,10,9,0,14,8,5
763,0,88,41,25,32,129,40,5,266,0,0,7,32,23,105,43,83,51,10,8,5,14
764,0,83,60,42,54,110,18,0,174,9,8,4,48,14,104,34,104,41,0,8,5,14
765,0,9,8,0,4,34,7,4,66,0,0,0,0,0,28,4,0,15,0,8,5,14
766,0,118,81,15,46,178,31,0,237,8,12,55,67,25,104,72,59,67,13,8,5,1
767,0,43,18,10,14,49,13,0,83,4,4,4,10,9,41,21,42,22,5,8,5,1
768,0,55,33,5,7,75,23,0,93,0,0,9,0,7,60,21,46,18,0,8,5,14
769,0,29,11,7,7,44,4,0,15,3,0,0,3,2,19,18,16,7,0,5,1,14
770,0,74,44,16,27,70,17,5,125,0,2,7,14,15,65,41,80,10,0,8,16,1
771,0,40,40,50,62,116,4,0,100,5,0,0,34,5,99,23,17,24,2,5,8,14
772,0,47,13,0,6,19,21,0,59,0,5,6,0,26,20,13,71,17,0,16,8,1
773,0,113,57,33,16,195,56,4,215,6,4,35,14,13,83,99,80,40,6,8,5,1
774,0,178,105,9,12,111,33,4,152,4,8,47,14,12,62,92,96,64,14,1,8,5
775,0,15,4,0,0,15,21,0,75,0,3,8,0,19,8,14,39,10,0,8,16,6
776,0,77,48,14,21,69,25,0,121,0,17,88,21,22,58,62,73,39,14,8,11,1
777,0,15,5,4,4,59,11,0,93,0,0,4,2,3,16,8,26,28,0,8,5,17
778,0,64,21,0,11,61,12,0,67,3,0,18,14,3,22,31,49,12,0,8,1,5
779,0,57,38,17,28,60,0,0,26,3,0,4,18,4,40,47,32,24,0,5,1,15
780,0,88,56,0,9,46,5,0,107,5,3,5,17,6,61,29,28,53,9,8,1,14
781,0,47,32,0,1,22,31,0,96,0,5,2,3,25,26,40,29,43,7,8,1,17
782,0,132,61,10,48,180,65,5,268,10,9,33,18,46,115,51,167,35,0,8,5,16
783,0,33,8,0,0,29,18,0,39,0,5,17,0,20,14,22,35,8,0,8,16,1
784,0,35,15,0,4,11,33,0,86,0,8,4,0,30,22,15,57,15,0,8,16,1
785,0,33,10,4,6,35,11,0,26,2,0,8,3,0,18,20,29,17,3,5,1,16
786,0,127,78,40,61,112,18,0,200,5,8,17,50,15,115,71,57,67,12,8,1,14
787,0,39,10,0,11,37,18,0,90,3,7,11,8,18,46,10,59,20,0,8,16,14
788,0,269,139,7,37,129,77,3,379,11,16,45,27,39,117,113,236,139,53,8,1,16
789,0,17,11,3,5,37,25,0,85,0,0,3,0,4,26,9,24,10,0,8,5,14
790,0,225,99,7,32,287,31,0,207,10,4,43,23,15,158,113,129,53,26,5,1,8
791,0,26,15,0,7,15,20,0,38,0,6,3,6,17,32,10,37,17,0,8,16,14
792,0,32,16,7,18,31,22,0,75,0,0,0,6,9,23,10,38,8,2,8,16,1
793,0,66,38,8,9,53,36,5,71,0,3,9,0,3,22,41,60,15,0,8,1,16
794,0,46,20,12,12,61,28,5,81,0,0,0,12,0,34,17,14,17,0,8,5,1
795,0,153,113,31,57,240,38,0,105,16,4,47,54,12,63,104,85,32,5,5,1,2
796,0,389,199,29,106,384,78,3,459,14,20,60,67,97,340,171,312,86,14,8,1,5
797,0,29,17,0,5,30,13,0,14,0,0,2,0,6,26,18,12,14,0,5,1,14
798,0,197,201,39,172,363,35,0,189,25,0,16,72,45,201,87,103,42,8,5,2,14
799,0,20,18,0,4,17,7,0,52,0,8,3,7,19,28,9,19,12,0,8,14,1
800,0,43,28,4,9,25,4,0,42,0,0,0,4,4,26,20,24,12,0,1,8,2
801,0,44,14,0,3,20,15,0,24,0,6,24,0,23,19,16,57,12,0,16,1,8
802,0,77,26,0,8,26,19,0,57,0,15,115,0,26,15,63,98,20,4,11,16,1
803,0,16,5,4,11,23,6,0,53,0,0,4,7,9,18,7,30,15,0,8,16,5
804,0,388,236,51,111,366,84,6,361,36,14,111,58,54,169,208,275,129,30,1,5,8
805,0,239,138,58,95,311,68,22,298,15,12,76,77,31,116,127,199,53,14,5,8,1
806,0,156,80,25,18,164,72,0,197,0,18,21,41,21,96,79,92,62,3,8,5,1
807,0,350,264,105,191,181,36,8,194,25,12,11,120,23,120,145,145,86,27,1,2,8
808,0,23,3,0,0,8,22,0,54,0,5,3,0,17,25,12,41,11,0,8,16,14
809,0,20,2,0,0,3,14,0,36,0,9,5,4,21,19,3,41,7,0,16,8,13
810,0,41,8,0,12,52,5,0,28,0,0,3,5,24,17,0,40,14,0,5,1,16
811,0,13,5,0,16,27,4,0,33,8,0,9,2,4,12,5,31,10,0,8,16,5
812,0,30,3,0,1,14,7,0,20,0,3,8,1,16,15,3,46,8,0,16,1,8
813,0,30,17,3,10,17,4,0,28,1,0,4,7,5,9,12,21,11,0,1,8,16
814,0,25,7,0,0,8,16,0,21,0,3,72,0,0,3,19,42,0,0,11,16,1
815,0,162,114,70,109,162,15,0,288,13,8,38,83,37,117,119,101,94,13,8,1,5
816,0,40,11,0,6,17,9,0,28,0,0,8,0,15,9,20,50,14,0,16,1,8
817,0,70,27,4,4,12,21,0,41,0,0,7,2,17,12,19,56,5,2,1,16,8
818,0,27,5,0,0,9,11,0,39,0,5,5,0,13,18,8,31,15,0,8,16,1
819,0,17,6,0,6,33,23,0,58,0,5,0,4,13,30,2,23,13,4,8,5,14
820,0,16,3,3,3,9,5,0,24,0,5,11,5,15,13,13,28,6,0,16,8,1
821,0,59,58,22,44,67,11,5,129,3,5,5,27,9,60,10,35,31,9,8,5,14
822,0,15,9,39,23,47,4,0,3,0,0,2,21,8,7,18,22,3,0,5,3,4
823,0,176,87,52,68,269,69,5,295,9,18,23,42,35,154,110,153,88,5,8,5,1
824,0,5,3,2,10,14,3,0,20,0,0,3,6,4,9,0,19,6,0,8,16,5
825,0,205,93,0,17,126,49,0,168,16,4,17,1,22,76,82,203,46,4,1,16,8
826,0,304,132,70,67,63,64,0,85,3,5,26,41,3,70,124,107,49,20,1,2,15
827,0,25,5,0,0,24,12,0,46,0,4,7,3,9,17,9,34,12,0,8,16,1
828,0,32,14,0,0,67,25,0,235,3,4,6,5,18,90,16,50,16,3,8,14,5
829,0,28,12,12,10,73,8,0,144,0,0,0,12,8,80,14,23,20,0,8,14,5
830,0,168,99,32,38,113,24,0,114,1,10,8,32,5,101,64,71,60,25,1,8,5
831,0,87,39,4,8,49,27,0,125,0,0,5,0,22,55,47,95,33,0,8,16,1
832,0,35,6,0,2,13,6,0,24,0,0,11,0,15,22,15,32,20,0,1,16,8
833,1,197,76,12,8,179,118,12,321,6,37,93,12,31,68,132,214,73,24,8,16,1
834,0,61,26,0,4,40,28,0,130,0,0,13,0,15,57,26,47,31,0,8,1,14
835,0,68,36,6,24,61,25,0,263,4,18,26,41,24,74,41,64,38,5,8,14,1
836,0,16,9,0,2,45,27,4,97,0,24,6,3,36,25,14,40,20,0,8,5,16
837,0,15,14,3,11,46,3,0,76,3,0,0,8,4,59,12,5,7,0,8,14,5
838,0,113,76,32,29,136,36,0,144,4,4,0,31,21,108,78,59,44,0,8,5,1
839,0,54,18,4,4,42,19,4,88,0,0,3,1,6,46,33,44,23,0,8,1,14
840,0,119,94,31,54,221,51,20,353,5,44,39,56,67,154,86,142,102,17,8,5,14
841,0,34,10,0,3,11,14,5,54,3,5,9,0,18,25,15,65,13,0,16,8,1
842,0,22,2,0,0,17,11,0,48,0,5,3,3,20,27,8,45,0,0,8,16,14
843,0,178,129,37,57,91,20,3,168,6,10,105,49,14,54,166,117,72,11,1,8,15
844,0,111,80,28,35,78,25,0,89,3,3,3,22,3,90,64,49,52,3,1,14,8
845,0,6,2,0,4,16,6,2,64,4,3,0,0,3,34,0,12,10,0,8,14,5
846,0,327,211,37,108,468,113,5,593,22,52,99,86,69,299,153,238,146,59,8,5,1
847,0,98,67,28,51,153,14,3,131,5,2,35,38,17,89,99,79,38,0,5,8,15
848,0,122,123,21,58,224,20,12,245,18,25,17,60,54,156,85,80,95,11,8,5,14
849,0,44,15,10,10,0,0,0,49,0,0,19,10,0,29,20,28,15,0,8,1,14
850,0,88,64,15,34,91,1,0,62,0,0,5,30,4,64,39,49,35,9,5,1,2
851,0,244,96,23,43,167,109,4,267,11,12,32,21,36,97,85,237,70,7,8,1,16
852,0,91,51,21,26,53,8,0,28,9,0,8,5,6,16,46,61,22,3,1,16,5
853,0,33,12,0,10,15,22,0,48,0,8,9,0,25,13,14,61,17,0,16,8,1
854,0,120,75,3,22,171,69,10,351,7,16,25,14,62,134,87,157,56,11,8,5,16
855,0,8,3,0,0,12,0,0,64,0,0,0,0,4,23,9,8,0,4,8,14,5
856,0,22,0,0,0,18,10,0,57,0,0,4,1,17,18,7,34,13,0,8,16,1
857,0,7,3,0,9,22,5,0,38,3,0,0,0,3,22,5,8,1,0,8,5,14
858,0,22,5,0,0,4,25,0,41,0,0,3,3,14,6,2,25,13,0,8,6,16
859,0,10,7,0,2,58,4,0,84,0,0,7,0,0,50,2,12,0,0,8,5,14
860,0,23,5,0,2,113,24,0,132,0,4,3,6,20,69,7,36,14,0,8,5,14
861,0,0,3,0,5,56,4,0,126,0,0,0,10,0,71,1,0,7,0,8,14,5
862,0,233,154,18,44,149,57,0,273,17,18,53,40,32,111,151,175,109,17,8,1,16
863,0,55,16,2,6,57,49,6,157,0,10,27,10,46,63,27,112,20,0,8,16,14
864,0,325,192,82,129,348,81,5,430,23,9,71,75,53,174,153,264,101,26,8,5,1
865,0,39,25,36,19,42,19,5,43,2,5,2,16,10,10,27,33,10,0,8,5,1
866,0,2,0,0,0,17,2,0,36,0,2,0,4,2,11,0,7,0,0,8,5,14
867,0,137,65,7,15,56,25,5,199,3,10,3,16,30,65,100,124,93,7,8,1,16
868,0,179,120,57,50,193,46,0,205,7,4,42,33,15,93,128,116,69,25,8,5,1
869,0,21,13,7,8,57,12,0,64,4,0,3,5,2,35,14,17,12,0,8,5,14
870,0,141,56,15,19,297,92,10,438,4,37,32,21,68,187,61,243,97,26,8,5,16
871,0,154,54,3,6,91,43,9,184,0,5,12,9,17,110,51,88,60,19,8,1,14
872,0,64,23,6,15,85,12,0,82,6,0,15,0,18,51,12,85,4,0,5,16,8
873,0,24,2,0,1,12,6,0,31,0,0,3,2,11,12,5,18,8,0,8,1,16
874,0,14,0,0,0,19,21,0,99,0,10,0,4,18,51,0,26,9,0,8,14,16
875,0,73,31,15,18,90,42,5,208,5,12,13,14,34,78,61,99,52,0,8,16,5
876,0,16,9,0,2,24,4,5,52,0,0,3,3,2,13,0,3,19,4,8,5,17
877,0,60,27,4,8,79,14,0,166,0,2,10,14,15,152,28,70,45,4,8,14,5
878,0,44,43,16,36,143,17,1,261,2,3,1,26,11,166,36,20,50,11,8,14,5
879,0,39,26,6,13,34,5,0,33,0,0,0,2,3,36,16,18,12,0,1,14,5
880,0,407,163,36,87,491,159,3,406,20,20,59,35,64,181,159,323,81,35,5,1,8
881,0,237,183,45,117,259,46,0,284,24,16,43,60,36,149,128,184,118,17,8,5,1
882,0,175,109,55,111,166,11,0,184,11,5,29,57,22,108,109,98,63,18,8,1,5
883,0,200,100,13,28,369,96,16,495,4,19,30,19,62,278,100,206,79,18,8,5,14
884,0,16,5,0,0,23,9,0,117,0,0,0,0,3,44,10,20,4,5,8,14,5
885,0,75,50,60,80,143,11,0,110,5,0,3,60,9,88,34,40,26,5,5,8,14
886,0,271,113,20,35,268,88,12,312,9,9,39,29,17,140,114,191,85,13,8,1,5
887,0,162,163,78,155,236,31,10,174,22,5,27,75,5,82,113,89,49,8,5,8,2
888,0,4,0,0,0,43,4,4,39,0,0,0,0,5,46,0,4,17,0,14,5,8
889,0,287,142,27,41,391,118,20,434,14,24,28,45,60,197,128,248,112,34,8,5,1
890,0,102,80,20,39,107,16,3,179,5,21,60,20,27,70,97,67,83,14,8,5,1
891,0,49,27,0,0,45,9,0,111,0,0,0,5,7,57,11,45,21,0,8,14,1
892,0,254,172,64,121,273,78,0,300,23,15,31,58,44,163,130,159,108,36,8,5,1
893,0,84,39,16,19,66,15,0,51,6,0,6,0,7,56,49,55,34,0,1,5,14
894,0,117,52,4,4,171,80,12,564,8,13,10,9,62,196,59,190,68,4,8,14,16
895,0,25,21,4,9,31,4,0,17,0,0,2,0,4,32,13,20,10,0,14,5,1
896,0,332,161,53,66,274,92,7,420,12,32,70,53,74,187,161,229,120,37,8,1,5
897,0,239,143,46,105,211,41,0,214,22,12,64,63,25,126,117,158,85,40,1,8,5
898,0,31,7,0,4,30,19,0,45,0,4,7,5,20,20,17,35,5,0,8,16,1
899,0,158,78,15,25,139,16,4,176,4,4,11,25,23,119,77,102,70,19,8,1,5
900,0,12,5,0,0,23,9,0,58,0,2,8,5,11,22,11,27,24,9,8,16,17
901,0,155,116,13,86,214,13,0,102,7,3,14,27,12,109,99,70,50,10,5,1,2
902,0,70,28,14,26,37,18,0,67,4,3,3,12,24,29,41,53,40,0,1,8,16
903,0,94,39,11,12,132,73,9,271,4,12,24,14,29,49,41,106,62,8,8,5,16
904,0,16,14,0,0,78,3,0,69,0,0,8,13,10,134,3,28,7,4,14,5,8
905,0,31,3,0,0,31,19,0,73,0,5,0,2,18,27,7,52,13,0,8,16,1
906,0,18,7,11,4,15,34,0,106,0,3,3,4,10,38,11,40,20,0,8,16,14
907,0,119,68,14,31,202,44,5,320,5,0,23,19,40,187,39,147,66,5,8,5,14
908,0,57,19,0,11,65,27,4,109,8,19,20,7,24,61,40,91,42,0,8,16,5
909,0,13,0,0,5,23,0,0,92,0,0,3,8,3,27,0,8,11,0,8,14,5
910,0,81,40,4,4,25,37,0,92,0,0,9,3,10,29,24,70,16,0,8,1,16
911,0,61,65,37,76,140,8,0,119,7,7,17,60,26,73,39,41,34,9,5,8,4
912,0,22,31,8,22,64,17,0,88,5,9,10,34,15,50,20,22,22,9,8,5,14
913,0,109,64,34,39,117,40,0,196,3,17,26,41,14,73,93,100,48,4,8,5,1
914,0,3,0,0,0,37,0,0,40,0,0,0,7,0,67,0,5,0,0,14,8,5
915,0,15,3,0,3,14,12,0,44,0,8,5,0,15,15,9,33,4,0,8,16,1
916,0,261,141,15,26,311,87,5,489,16,12,40,36,24,224,138,222,115,25,8,5,1
917,0,13,6,6,6,39,15,0,75,0,0,0,7,7,40,4,19,10,0,8,14,5
918,0,24,22,3,18,121,5,8,197,1,12,6,23,14,95,15,18,34,0,8,5,14
919,0,126,78,32,86,195,54,4,393,19,4,42,38,49,152,73,175,50,0,8,5,16
920,0,16,3,0,0,6,16,0,49,0,6,9,0,20,19,7,40,4,0,8,16,13
921,0,123,107,18,63,135,13,0,105,20,3,6,21,22,100,66,52,35,2,5,1,2
922,0,161,110,33,48,153,23,0,103,5,5,23,49,8,99,108,61,46,7,1,5,2
923,0,105,55,3,7,70,53,0,108,8,4,13,0,26,51,38,108,17,0,8,16,1
924,0,80,50,16,10,56,37,4,159,2,0,7,13,2,72,44,58,43,3,8,1,14
925,0,13,0,0,0,5,17,0,38,1,3,44,0,17,8,3,54,3,0,16,11,8
926,0,9,0,0,0,11,4,0,43,0,4,3,3,6,10,4,20,7,0,8,16,5
927,0,142,101,55,101,193,26,0,78,20,0,10,41,13,80,81,82,17,0,5,1,2
928,0,45,24,5,10,44,10,5,74,0,0,3,0,20,42,17,31,8,0,8,1,5
929,0,52,14,3,11,29,26,3,107,4,11,5,7,15,29,40,49,47,8,8,1,16
930,0,50,21,4,8,71,4,0,84,1,0,1,4,3,44,19,32,27,0,8,5,1
931,0,58,20,0,4,45,21,1,142,0,4,0,3,13,54,27,49,38,0,8,1,14
932,0,159,136,30,33,257,39,17,386,8,39,53,29,72,140,121,146,106,43,8,5,1
933,0,171,66,6,16,160,61,0,182,5,10,28,21,14,56,89,92,66,24,8,1,5
934,0,142,98,22,53,222,35,6,258,13,17,22,67,33,134,100,76,56,20,8,5,1
935,0,60,30,3,3,33,10,0,71,0,0,0,0,4,51,10,45,17,0,8,1,14
936,0,92,43,4,12,173,48,8,272,0,0,10,10,26,119,52,93,20,0,8,5,14
937,0,22,12,5,6,36,7,4,87,0,0,0,0,4,31,12,16,15,0,8,5,14
938,0,118,63,19,36,118,23,0,113,7,4,17,14,17,71,61,109,28,2,1,5,8
939,0,73,35,4,4,68,13,0,82,4,0,3,4,4,48,33,49,15,0,8,1,5
940,0,79,36,9,21,148,30,0,173,0,12,12,22,13,85,58,67,49,0,8,5,14
941,0,38,27,14,9,29,3,0,21,0,0,0,4,5,5,31,28,5,0,1,15,5
942,0,74,52,19,56,90,0,0,137,8,5,11,22,36,75,25,80,47,14,8,5,16
943,0,227,114,7,25,166,76,0,215,5,0,51,15,11,105,66,134,53,23,1,8,5
